Name,Dataset,Sequence length,RMSD,P-VALUE,INF-ALL,INF-WC,INF-NWC,INF-STACK,DI,MCQ,TM-score,CAD,BARNABA-RMSD,BARNABA-eRMSD,BARNABA-eSCORE,CLASH,GDT-TS,GDT-TS@1,GDT-TS@2,GDT-TS@4,GDT-TS@8,lDDT
rp25.csv,RNA_PUZZLES,69,2.579,0.0,0.808,0.952,0.539,0.796,3.191,11.74,0.654,0.872,0.267,0.934,2.031,0.0,0.746,0.391,0.652,0.942,1.0,0.629
rp24.csv,RNA_PUZZLES,111,19.161,4.622191518421914e-12,0.86,0.89,0.0,0.861,22.274,14.01,0.332,0.264,1.96,1.078,5.449,0.0,0.243,0.09,0.153,0.279,0.451,0.665
rp18.csv,RNA_PUZZLES,71,1.47,0.0,0.928,1.0,0.707,0.918,1.584,8.53,0.812,0.931,0.147,0.413,2.669,0.0,0.884,0.634,0.901,1.0,1.0,0.823
rp32.csv,RNA_PUZZLES,48,,,0.4,0.0,0.0,0.622,,,0.266,0.738,,,1.325,0.0,0.458,0.229,0.312,0.479,0.812,0.503
rp23.csv,RNA_PUZZLES,37,1.692,1.1657341758564144e-14,0.765,1.0,0.401,0.841,2.211,16.63,0.632,0.872,0.144,1.097,0.717,0.0,0.912,0.703,0.946,1.0,1.0,0.748
rp34.csv,RNA_PUZZLES,68,11.268,7.914779942552741e-12,0.811,0.975,0.354,0.78,13.886,45.91,0.283,0.793,1.221,1.245,1.767,0.0,0.327,0.162,0.294,0.353,0.5,0.542
rp08.csv,RNA_PUZZLES,96,3.108,0.0,0.912,0.97,0.667,0.907,3.406,9.77,0.747,0.9,0.311,0.751,3.077,0.0,0.779,0.542,0.708,0.865,1.0,0.854
rp09.csv,RNA_PUZZLES,71,6.299,0.0,0.759,0.822,0.539,0.772,8.304,14.19,0.482,0.795,0.655,1.258,1.858,0.0,0.578,0.338,0.465,0.676,0.831,0.667
rp14_free.csv,RNA_PUZZLES,58,3.838,0.0,0.883,0.938,1.0,0.85,4.346,19.15,0.478,0.311,0.417,0.568,1.434,0.0,0.905,0.809,0.857,0.952,1.0,0.799
rp21.csv,RNA_PUZZLES,41,1.294,0.0,0.808,0.92,0.566,0.832,1.6,20.64,0.741,0.908,0.141,0.638,0.984,0.0,0.933,0.756,0.976,1.0,1.0,0.642
rp14_bound.csv,RNA_PUZZLES,61,8.525,7.316369732279783e-14,0.853,0.972,0.612,0.846,9.992,12.6,0.358,0.863,0.861,0.856,1.666,0.0,0.5,0.279,0.377,0.541,0.803,0.614
rp04.csv,RNA_PUZZLES,126,2.582,0.0,0.917,0.989,0.612,0.9,2.816,13.82,0.813,0.924,0.265,0.47,3.271,0.0,0.8,0.571,0.698,0.929,1.0,0.86
rp11.csv,RNA_PUZZLES,57,7.881,2.561284517810236e-13,0.818,0.956,,0.748,9.629,17.37,0.272,0.81,0.801,1.224,1.829,0.0,0.399,0.158,0.281,0.456,0.702,0.595
rp05.csv,RNA_PUZZLES,188,3.85,0.0,0.875,0.946,0.32,0.88,4.401,11.94,0.796,0.846,0.369,1.016,5.089,0.0,0.585,0.144,0.383,0.83,0.984,0.716
rp13.csv,RNA_PUZZLES,60,19.936,0.1784047887301999,0.774,0.72,0.667,0.802,25.77,16.28,0.363,0.552,2.06,1.542,1.87,0.0,0.446,0.217,0.35,0.583,0.633,0.445
rp07.csv,RNA_PUZZLES,185,19.188,0.0,0.852,0.947,0.3,0.847,22.524,16.61,0.421,0.814,1.957,1.183,5.632,0.0,0.274,0.103,0.173,0.292,0.53,0.644
rp06.csv,RNA_PUZZLES,158,2.891,0.0,0.87,0.899,0.722,0.876,3.324,17.54,0.851,0.099,0.309,0.785,3.628,0.0,0.097,0.057,0.082,0.101,0.146,0.765
rp12.csv,RNA_PUZZLES,117,3.139,0.0,0.856,0.974,0.57,0.835,3.666,17.37,0.779,0.069,0.309,0.837,3.639,0.0,0.094,0.051,0.068,0.103,0.154,0.758
rp16.csv,RNA_PUZZLES,27,0.967,4.119897201171341e-10,0.959,1.0,0.913,0.959,1.009,6.63,0.53,,0.102,0.207,0.532,0.0,0.0,0.0,0.0,0.0,0.0,0.957
rp03.csv,RNA_PUZZLES,84,2.6,0.0,0.906,0.981,0.882,0.883,2.869,13.67,0.785,0.902,0.264,0.731,2.33,0.0,0.812,0.524,0.798,0.929,1.0,0.816
rp17.csv,RNA_PUZZLES,58,15.811,0.0015888560289064,0.716,0.872,0.378,0.691,22.067,24.84,0.264,0.534,1.694,1.47,1.341,0.0,0.323,0.172,0.259,0.345,0.517,0.506
rp29.csv,RNA_PUZZLES,52,1.19,0.0,0.938,1.0,0.707,0.916,1.269,10.54,0.772,0.939,0.121,0.266,2.557,0.0,0.923,0.712,0.981,1.0,1.0,0.935
7eu0_o.csv,RNA3DB_ALL,32,37.074,1.0,0.496,,,0.57,74.795,39.7,0.17,,3.573,1.643,1.325,0.0,0.242,0.156,0.219,0.281,0.312,0.598
6xn7_T.csv,RNA3DB_ALL,37,39.862,1.0,0.544,,,0.628,73.261,25.17,0.128,,3.966,1.603,0.959,0.0,0.216,0.135,0.162,0.27,0.297,0.637
6nud_U.csv,RNA3DB_ALL,28,34.421,1.0,0.207,,,0.246,165.971,37.86,0.131,,3.422,1.877,0.182,0.0,0.241,0.179,0.214,0.25,0.321,0.565
6zj3_LL.csv,RNA3DB_ALL,92,28.846,0.6478567379805802,0.343,0.0,0.0,0.475,84.027,24.49,0.234,,2.953,2.259,3.407,0.0,0.163,0.109,0.12,0.185,0.239,0.332
1g1x_d.csv,RNA3DB_ALL,40,19.01,0.9308956382495024,0.74,0.548,0.577,0.801,25.701,14.74,0.259,,1.992,1.65,0.883,0.0,0.381,0.275,0.3,0.375,0.575,0.613
6vff_C.csv,RNA3DB_ALL,32,,,0.685,,,0.74,,,0.292,,2.166,1.162,1.422,0.0,0.391,0.281,0.312,0.469,0.5,0.782
8ffy_C.csv,RNA3DB_ALL,61,3.067,0.0,0.744,0.858,0.0,0.707,4.122,14.6,0.562,,0.308,0.906,1.967,0.0,0.316,0.147,0.262,0.41,0.443,0.68
5zwo_G.csv,RNA3DB_ALL,60,52.237,1.0,0.34,,,0.418,153.431,44.14,0.152,,5.192,1.967,1.462,0.0,0.196,0.117,0.15,0.217,0.3,0.576
6zj3_LM.csv,RNA3DB_ALL,54,21.854,0.8288477808287976,0.481,0.0,,0.592,45.473,21.78,0.189,,2.177,1.821,1.787,0.0,0.218,0.148,0.167,0.241,0.315,0.467
6zvi_f.csv,RNA3DB_ALL,35,38.346,1.0,,,,,,43.3,0.121,,3.833,1.873,0.398,0.0,0.186,0.143,0.143,0.2,0.257,0.568
7d2l_B.csv,RNA3DB_ALL,43,17.389,0.5382672601043894,0.7,0.645,,0.714,24.843,24.29,0.264,,1.814,1.336,1.315,0.0,0.372,0.233,0.279,0.442,0.535,0.689
7sba_z.csv,RNA3DB_ALL,43,46.492,1.0,0.387,,,0.461,120.291,30.2,0.137,,4.58,1.806,0.638,0.0,0.169,0.14,0.163,0.163,0.209,0.551
8j26_D.csv,RNA3DB_ALL,48,16.741,0.1513179310503059,0.312,0.472,,0.273,53.705,55.49,0.161,,1.689,2.027,0.466,0.0,0.219,0.104,0.167,0.25,0.354,0.344
6by1_BX.csv,RNA3DB_ALL,30,25.853,0.999999999999273,0.299,,,0.354,86.519,30.96,0.133,,2.549,1.743,0.44,0.0,0.325,0.167,0.267,0.4,0.467,0.589
6ztn_AV.csv,RNA3DB_ALL,31,42.443,1.0,0.553,,,0.623,76.783,26.01,0.199,0.039,4.257,1.512,0.737,0.0,0.21,0.161,0.194,0.226,0.258,0.678
5voe_a.csv,RNA3DB_ALL,36,5.017,1.0152959195597331e-08,0.775,0.957,,0.715,6.472,17.54,0.305,0.76,0.447,1.257,1.35,0.0,0.66,0.306,0.556,0.778,1.0,0.393
4rmo_p.csv,RNA3DB_ALL,45,5.768,1.2559397966072083e-11,0.74,0.913,0.0,0.773,7.795,18.98,0.297,,0.569,1.347,0.92,0.0,0.55,0.244,0.333,0.689,0.933,0.578
7vg2_c.csv,RNA3DB_ALL,35,23.273,0.9999987623101524,0.693,,,0.78,33.59,16.58,0.244,,2.311,1.49,1.544,0.0,0.436,0.257,0.4,0.486,0.6,0.751
5xus_B.csv,RNA3DB_ALL,40,22.759,0.999818067598408,0.443,0.0,0.0,0.625,51.397,18.05,0.201,,2.321,2.114,1.366,0.0,0.263,0.2,0.25,0.275,0.325,0.374
7tr8_r.csv,RNA3DB_ALL,45,40.908,1.0,0.36,,,0.413,113.619,36.77,0.101,,4.031,1.842,0.295,0.0,0.183,0.133,0.156,0.2,0.244,0.481
4wb3_D.csv,RNA3DB_ALL,40,,,0.032,0.0,0.0,0.051,,,0.099,,,,0.359,0.0,0.194,0.1,0.125,0.225,0.325,0.216
6exn_E.csv,RNA3DB_ALL,32,23.758,0.9999999840497298,0.462,,,0.538,51.459,50.38,0.171,,,,0.432,0.0,0.312,0.188,0.281,0.375,0.406,0.609
8ibw_d.csv,RNA3DB_ALL,39,11.648,0.0073247687806261,0.69,0.741,,0.684,16.873,26.22,0.264,,1.147,1.53,1.33,0.0,0.199,0.154,0.179,0.205,0.256,0.59
7uoo_6.csv,RNA3DB_ALL,58,22.22,0.7291963720992389,0.434,0.239,0.0,0.549,51.247,30.77,0.205,,2.323,2.036,1.792,0.0,0.284,0.138,0.224,0.345,0.431,0.458
7v94_b.csv,RNA3DB_ALL,83,20.779,0.0007779374512122,0.566,0.104,,0.763,36.704,17.64,0.316,,2.149,2.04,3.543,0.0,0.139,0.108,0.12,0.145,0.181,0.432
3nmu_d.csv,RNA3DB_ALL,34,13.453,0.2860954828195785,0.734,0.707,0.816,0.74,18.328,26.52,0.206,,1.476,1.331,0.485,0.0,0.346,0.235,0.324,0.382,0.441,0.553
6zdq_C.csv,RNA3DB_ALL,65,9.416,6.72795152922845e-14,0.786,0.845,0.577,0.78,11.981,22.26,0.343,,1.01,1.086,1.448,0.0,0.439,0.246,0.308,0.523,0.677,0.745
6e82_a.csv,RNA3DB_ALL,36,13.345,0.1627916988296053,0.541,0.566,0.0,0.601,24.684,34.28,0.256,0.534,1.455,2.081,0.542,0.0,0.347,0.222,0.333,0.389,0.444,0.371
8upt_a.csv,RNA3DB_ALL,71,3.764,0.0,0.777,0.854,0.671,0.76,4.842,31.87,0.597,0.812,0.36,1.049,1.329,0.0,0.69,0.282,0.578,0.915,0.986,0.673
1zho_b.csv,RNA3DB_ALL,38,4.691,4.2086067963964524e-10,0.946,1.0,0.707,0.936,4.961,14.92,0.308,,0.496,0.655,1.636,0.0,0.618,0.316,0.474,0.711,0.974,0.711
2gtt_X.csv,RNA3DB_ALL,99,40.399,0.99999999948469,0.217,0.0,0.0,0.233,185.907,26.76,0.08,,4.068,1.916,1.959,0.0,0.091,0.051,0.061,0.101,0.151,0.463
8dc2_B.csv,RNA3DB_ALL,51,19.647,0.5580745067192865,0.716,0.73,0.0,0.731,27.427,17.76,0.255,,2.058,1.205,1.607,0.0,0.328,0.137,0.235,0.353,0.588,0.682
8ff5_m.csv,RNA3DB_ALL,63,54.279,1.0,0.29,0.0,,0.401,187.373,40.18,0.098,,5.463,1.956,0.896,0.0,0.131,0.095,0.111,0.127,0.191,0.478
7u2b_C.csv,RNA3DB_ALL,53,12.288,1.1935380591521216e-05,0.661,0.706,,0.651,18.598,26.5,0.276,,,,1.054,0.0,0.358,0.245,0.321,0.396,0.472,0.536
6zj3_LK.csv,RNA3DB_ALL,61,22.055,0.5501904164754038,0.52,0.528,,0.532,42.389,28.05,0.248,,2.249,1.798,1.929,0.0,0.164,0.098,0.131,0.197,0.23,0.455
5gin_g.csv,RNA3DB_ALL,35,33.833,1.0,0.65,,,0.732,52.05,23.09,0.184,,3.427,1.629,1.044,0.0,0.25,0.171,0.257,0.286,0.286,0.623
1gtn_w.csv,RNA3DB_ALL,44,30.603,0.9999999999998332,0.428,,,0.512,71.474,45.94,0.07,,3.138,1.909,0.0,0.0,0.131,0.091,0.114,0.136,0.182,0.237
6o7e_G.csv,RNA3DB_ALL,27,33.106,1.0,0.514,,,0.612,64.347,29.22,0.143,,3.277,1.771,0.414,0.0,0.269,0.185,0.259,0.259,0.37,0.596
6bk8_i.csv,RNA3DB_ALL,59,28.363,0.9999500806924208,,,,,,33.36,0.21,,2.923,2.038,1.365,0.0,0.182,0.119,0.136,0.22,0.254,0.525
1jgq_1.csv,RNA3DB_ALL,36,17.689,0.9237564192139048,0.216,,,0.246,82.023,,,,,,0.0,0.0,1.0,1.0,1.0,1.0,1.0,
4ni7_b.csv,RNA3DB_ALL,31,,,0.254,0.0,,0.416,,,0.135,,,,0.419,0.0,0.267,0.167,0.233,0.3,0.367,0.34
8e0f_D.csv,RNA3DB_ALL,32,27.097,0.9999999999999242,0.645,,,0.747,42.043,17.83,0.203,,2.793,1.455,1.407,0.0,0.422,0.25,0.344,0.5,0.594,0.817
7jl2_x.csv,RNA3DB_ALL,44,40.396,1.0,0.598,,,0.691,67.515,9.27,0.225,,4.001,1.569,1.53,0.0,0.335,0.159,0.25,0.386,0.545,0.809
6vuh_a.csv,RNA3DB_ALL,33,1.815,3.772482326525051e-12,0.831,0.875,0.707,0.873,2.183,8.88,0.578,0.877,0.169,0.638,0.63,0.0,0.909,0.727,0.909,1.0,1.0,0.834
6zqf_D4.csv,RNA3DB_ALL,35,43.85,1.0,0.484,,,0.564,90.561,23.78,0.182,,4.433,1.623,1.05,0.0,0.329,0.171,0.314,0.343,0.486,0.674
7r6l_b.csv,RNA3DB_ALL,23,21.105,0.9999999984017534,0.369,,,0.429,57.256,33.71,0.151,,2.129,1.746,0.635,0.0,0.293,0.217,0.217,0.304,0.435,0.553
6ifr_j.csv,RNA3DB_ALL,35,39.249,1.0,0.561,,,0.669,69.988,29.4,0.113,,3.951,1.597,0.811,0.0,0.229,0.171,0.171,0.229,0.343,0.646
8ex9_B.csv,RNA3DB_ALL,102,23.244,0.0001021295642568,0.683,0.429,0.447,0.794,34.028,16.39,0.32,,,,2.642,0.0,0.101,0.069,0.088,0.108,0.137,0.482
5wlh_b.csv,RNA3DB_ALL,43,13.589,0.0219485619088349,0.639,0.539,,0.664,21.261,,0.261,,,,1.161,0.0,0.268,0.167,0.191,0.262,0.452,0.504
7dvq_G.csv,RNA3DB_ALL,63,45.657,1.0,0.396,,,0.462,115.393,27.11,0.185,,4.611,1.888,2.33,0.0,0.202,0.143,0.191,0.222,0.254,0.474
7vg2_d.csv,RNA3DB_ALL,36,27.224,0.999999999991385,0.732,,,0.853,37.168,11.6,0.254,,2.829,1.49,1.915,0.0,0.326,0.25,0.278,0.361,0.417,0.822
1s03_b.csv,RNA3DB_ALL,47,4.675,1.6653345369377348e-14,0.771,0.789,0.0,0.791,6.066,19.85,0.291,,0.465,1.126,2.011,0.0,0.558,0.277,0.362,0.617,0.979,0.654
5y7m_b.csv,RNA3DB_ALL,51,13.582,0.0006340759260432,0.744,0.889,0.224,0.753,18.255,17.91,0.285,,1.415,1.347,0.953,0.0,0.378,0.255,0.333,0.392,0.529,0.619
8d29_r.csv,RNA3DB_ALL,34,6.071,1.53497470600783e-06,0.787,0.822,,0.788,7.718,19.47,0.265,,0.682,1.016,1.062,0.0,0.581,0.353,0.529,0.647,0.794,0.733
4k27_u.csv,RNA3DB_ALL,55,2.6,0.0,0.933,0.979,0.816,0.919,2.785,10.29,0.581,,0.264,0.477,2.625,0.0,0.764,0.436,0.691,0.927,1.0,0.871
7jl2_y.csv,RNA3DB_ALL,44,42.442,1.0,0.611,,,0.699,69.449,11.24,0.208,,4.328,1.554,1.788,0.0,0.347,0.227,0.273,0.364,0.523,0.839
8d4a_B.csv,RNA3DB_ALL,41,17.34,0.651822075905383,0.702,0.707,0.0,0.783,24.696,15.17,0.249,,1.839,1.477,1.255,0.0,0.372,0.244,0.342,0.415,0.488,0.623
7ozv_P.csv,RNA3DB_ALL,10,8.794,0.9974620083346064,0.671,,,0.802,13.11,16.58,0.154,,0.88,1.495,0.187,0.0,0.0,0.0,0.0,0.0,0.0,0.651
7wm4_a.csv,RNA3DB_ALL,81,72.124,1.0,0.599,,,0.734,120.345,23.57,0.265,0.902,7.105,1.695,3.754,0.0,0.321,0.148,0.222,0.407,0.506,0.816
7dlz_x.csv,RNA3DB_ALL,45,6.556,2.2638990682111166e-10,0.722,0.714,0.0,0.764,9.086,24.62,0.278,,0.659,1.432,1.273,0.0,0.506,0.289,0.378,0.511,0.844,0.57
7b0y_P.csv,RNA3DB_ALL,36,25.406,0.9999999946064212,0.522,,,0.602,48.694,20.52,0.19,,2.547,1.707,1.199,0.0,0.0,0.0,0.0,0.0,0.0,0.608
3ciy_c.csv,RNA3DB_ALL,46,32.631,0.9999999999999998,0.673,,,0.785,48.466,13.11,0.206,,3.362,1.562,1.39,0.0,0.234,0.152,0.217,0.261,0.304,0.693
4v83_AV.csv,RNA3DB_ALL,35,20.561,0.9993207046798752,0.783,0.778,,0.799,26.273,11.12,0.43,0.842,2.09,1.063,1.019,0.0,0.743,0.514,0.8,0.829,0.829,0.695
6szu_V.csv,RNA3DB_ALL,44,19.541,0.8716253836805808,0.408,0.0,,0.524,47.865,26.34,0.195,,1.992,1.953,0.883,0.0,0.182,0.114,0.136,0.182,0.295,0.471
8apo_A2.csv,RNA3DB_ALL,81,40.569,0.9999999999999996,0.47,0.06,,0.588,86.391,24.47,0.157,0.645,4.039,2.067,2.339,0.0,0.139,0.086,0.136,0.148,0.185,0.461
6xmf_c.csv,RNA3DB_ALL,109,24.116,5.160762436368094e-05,0.735,0.686,0.0,0.787,32.814,19.5,0.288,,2.473,1.465,3.131,0.0,0.144,0.092,0.11,0.156,0.22,0.52
8ctl_C.csv,RNA3DB_ALL,184,46.659,0.9975488117696224,0.55,0.336,0.0,0.66,84.879,23.46,0.214,,4.73,2.066,4.854,0.0,0.095,0.06,0.087,0.098,0.136,0.355
7x7r_j.csv,RNA3DB_ALL,20,15.369,0.999720332392689,0.258,,,0.289,59.523,43.44,0.152,,1.512,1.527,0.201,0.0,0.1,0.1,0.1,0.1,0.1,0.583
6ltp_b.csv,RNA3DB_ALL,42,24.208,0.999973753128498,0.452,0.68,,0.395,53.527,33.41,0.162,,2.462,1.624,1.14,0.0,0.202,0.119,0.167,0.214,0.309,0.564
7xlt_B.csv,RNA3DB_ALL,40,25.23,0.999999604672971,0.644,,,0.713,39.153,11.91,0.257,,2.455,1.472,0.84,0.0,0.456,0.2,0.375,0.6,0.65,0.696
7ozq_e.csv,RNA3DB_ALL,32,8.986,0.0037266170130745,0.765,0.853,0.408,0.772,11.739,11.65,0.353,,0.967,1.279,0.782,0.0,0.648,0.438,0.688,0.719,0.75,0.712
6lnc_M.csv,RNA3DB_ALL,60,42.007,1.0,0.4,0.5,,0.394,104.976,37.56,0.187,,4.176,1.663,0.904,0.0,0.229,0.15,0.217,0.267,0.283,0.588
5btm_b.csv,RNA3DB_ALL,43,2.687,3.3306690738754696e-16,0.928,0.935,0.816,0.934,2.895,13.58,0.478,,0.273,0.524,1.61,0.0,0.256,0.163,0.209,0.256,0.395,0.886
5hrt_b.csv,RNA3DB_ALL,34,,,0.295,0.0,0.0,0.478,,,0.17,,,,0.521,0.0,0.235,0.147,0.147,0.265,0.382,0.222
6ifu_i.csv,RNA3DB_ALL,34,38.776,1.0,0.462,,,0.546,83.885,28.39,0.144,,3.855,1.67,0.731,0.0,0.243,0.147,0.206,0.265,0.353,0.606
6ww6_d.csv,RNA3DB_ALL,17,3.752,0.0132049851374515,0.835,0.894,,0.846,4.496,12.73,0.264,,0.327,0.957,0.551,0.0,0.426,0.353,0.412,0.471,0.471,0.714
8apo_A1.csv,RNA3DB_ALL,109,34.132,0.9536518832433878,0.51,0.365,0.32,0.577,66.89,22.37,0.219,0.614,3.446,1.875,2.073,0.0,0.17,0.128,0.156,0.174,0.22,0.353
3hhn_c.csv,RNA3DB_ALL,137,3.257,0.0,0.895,0.978,0.516,0.875,3.64,12.17,0.903,,0.341,0.655,5.025,0.0,0.861,0.62,0.898,0.956,0.971,0.802
6iv8_d.csv,RNA3DB_ALL,53,16.723,0.0390961445440272,0.646,0.647,,0.648,25.897,24.74,0.321,,1.68,1.589,1.772,0.0,0.401,0.302,0.321,0.415,0.566,0.589
7sbb_x.csv,RNA3DB_ALL,33,37.628,1.0,0.589,,,0.7,63.888,40.56,0.134,,3.864,1.568,0.51,0.0,0.22,0.182,0.212,0.212,0.273,0.649
5dcv_b.csv,RNA3DB_ALL,47,6.03,4.204192549650543e-12,0.825,0.923,0.671,0.808,7.31,29.36,0.414,,0.612,0.845,0.711,0.0,0.239,0.192,0.213,0.234,0.319,0.806
6xdq_7.csv,RNA3DB_ALL,35,51.958,1.0,0.457,,,0.504,113.611,40.26,0.212,,5.147,1.66,0.945,0.0,0.164,0.086,0.143,0.171,0.257,0.604
6wc0_B.csv,RNA3DB_ALL,91,21.772,0.000281078684904,0.71,0.584,0.0,0.764,30.68,22.13,0.304,,2.26,1.43,2.517,0.0,0.324,0.143,0.264,0.396,0.494,0.605
4w29_AV.csv,RNA3DB_ALL,36,26.078,0.999999999440149,0.418,,,0.441,62.339,40.96,0.13,0.739,2.683,1.539,0.146,0.0,0.25,0.111,0.167,0.306,0.417,0.556
8a22_A6.csv,RNA3DB_ALL,109,39.13,0.9999958731893772,0.548,0.293,0.0,0.648,71.463,20.96,0.176,0.192,3.928,1.835,2.137,0.0,0.119,0.073,0.092,0.128,0.183,0.461
8sqj_P.csv,RNA3DB_ALL,32,31.599,1.0,0.584,,,0.672,54.076,17.7,0.195,,3.167,1.373,0.814,0.0,0.398,0.188,0.344,0.5,0.562,0.843
8sqj_T.csv,RNA3DB_ALL,35,33.005,1.0,0.567,,,0.672,58.245,16.18,0.236,,3.324,1.634,0.916,0.0,0.421,0.257,0.429,0.486,0.514,0.78
8bvj_b.csv,RNA3DB_ALL,55,25.577,0.9980152747512094,0.416,0.5,0.0,0.422,61.433,47.18,0.262,,2.572,1.816,0.647,0.0,0.145,0.091,0.127,0.164,0.2,0.55
8gkh_w.csv,RNA3DB_ALL,76,32.064,0.9999472032418802,0.444,0.0,,0.63,72.248,22.23,0.314,,3.281,2.104,2.896,0.0,0.178,0.105,0.171,0.197,0.237,0.392
6b3k_R.csv,RNA3DB_ALL,83,7.764,0.0,0.793,0.897,0.408,0.8,9.792,18.37,0.537,,0.753,1.432,2.927,0.0,0.527,0.301,0.47,0.554,0.783,0.628
8e6w_8.csv,RNA3DB_ALL,58,35.385,0.9999999999999988,0.144,,,0.167,245.156,58.1,0.096,,3.512,1.853,0.785,0.0,0.142,0.086,0.103,0.155,0.224,0.502
6xn4_r.csv,RNA3DB_ALL,35,35.497,1.0,0.27,,,0.34,131.292,42.78,0.132,,3.526,1.93,0.595,0.0,0.214,0.143,0.2,0.229,0.286,0.507
6o1o_n.csv,RNA3DB_ALL,30,36.914,1.0,0.45,,,0.555,82.046,37.08,0.138,,3.684,1.8,0.445,0.0,0.225,0.167,0.2,0.233,0.3,0.62
5wti_B.csv,RNA3DB_ALL,115,20.11,1.4773293699477108e-11,0.685,0.602,0.0,0.743,29.37,21.31,0.274,,2.059,1.576,3.75,0.0,0.224,0.148,0.2,0.235,0.313,0.55
3ciy_D.csv,RNA3DB_ALL,46,25.613,0.999986584842008,0.682,,,0.8,37.542,10.5,0.335,,2.6,1.515,1.872,0.0,0.44,0.261,0.435,0.522,0.543,0.85
7r21_R.csv,RNA3DB_ALL,62,52.919,1.0,0.163,,,0.189,323.805,36.56,0.1,,5.262,1.863,0.591,0.0,0.113,0.081,0.113,0.113,0.145,0.493
6e9e_b.csv,RNA3DB_ALL,51,21.298,0.8561976773341732,0.411,0.0,0.0,0.519,51.82,24.14,0.296,,2.187,1.991,0.857,0.0,0.338,0.176,0.255,0.431,0.49,0.524
8hud_b.csv,RNA3DB_ALL,72,14.698,5.4839071061962854e-08,0.731,0.809,0.408,0.726,20.096,17.71,0.422,,1.434,1.177,1.986,0.0,0.493,0.25,0.444,0.556,0.722,0.739
4v8m_BH.csv,RNA3DB_ALL,135,20.101,5.551115123125783e-17,0.398,0.229,0.0,0.495,50.542,26.72,0.371,,2.08,2.193,1.632,0.0,0.144,0.074,0.118,0.156,0.23,0.344
8gxb_b.csv,RNA3DB_ALL,61,9.071,6.855072065548029e-13,0.667,0.897,0.342,0.662,13.598,20.4,0.313,,0.939,1.711,1.306,0.0,0.402,0.18,0.311,0.475,0.639,0.534
8qz8_V.csv,RNA3DB_ALL,33,16.988,0.9432403929921755,0.231,0.0,,0.31,73.501,41.54,0.2,,1.702,2.004,0.986,0.0,0.288,0.182,0.273,0.333,0.364,0.449
3id5_d.csv,RNA3DB_ALL,34,17.15,0.9317221604080724,0.475,0.507,0.0,0.54,36.094,,0.16,,,,0.477,0.0,0.371,0.273,0.364,0.394,0.455,0.348
8ad1_R.csv,RNA3DB_ALL,10,8.665,0.9968368468313512,0.612,,,0.707,14.15,32.72,0.307,,0.855,1.287,0.09,0.0,0.0,0.0,0.0,0.0,0.0,0.744
7r6k_1.csv,RNA3DB_ALL,152,31.809,0.0007781404381086,0.398,0.046,0.0,0.561,79.835,25.93,0.168,,3.259,2.271,3.558,0.0,0.076,0.059,0.072,0.072,0.099,0.316
7tqv_g.csv,RNA3DB_ALL,33,31.021,1.0,0.643,,,0.763,48.231,19.19,0.226,,3.09,1.7,1.178,0.0,0.386,0.212,0.394,0.424,0.515,0.656
7ozu_P.csv,RNA3DB_ALL,10,8.434,0.9953626232527584,0.598,,,0.714,14.112,19.77,0.215,,0.837,1.462,0.299,0.0,0.0,0.0,0.0,0.0,0.0,0.671
4qyz_L.csv,RNA3DB_ALL,55,41.295,1.0,0.524,0.4,0.0,0.589,78.754,36.14,0.159,,4.102,1.85,0.589,0.0,0.136,0.091,0.127,0.145,0.182,0.532
8a98_5.csv,RNA3DB_ALL,111,35.664,0.9906228208894914,0.479,0.248,0.0,0.608,74.446,23.35,0.363,,3.629,2.048,3.026,0.0,0.162,0.072,0.117,0.162,0.297,0.353
4pmi_a.csv,RNA3DB_ALL,40,2.612,1.1934897514720431e-14,0.925,0.968,0.577,0.93,2.824,12.64,0.428,0.91,,,1.378,0.0,0.75,0.425,0.575,1.0,1.0,0.836
4kr9_m.csv,RNA3DB_ALL,39,7.125,3.633758237642226e-07,0.738,0.917,0.0,0.695,9.653,27.04,0.348,,0.709,1.208,1.097,0.0,0.558,0.333,0.513,0.564,0.821,0.584
6joo_B.csv,RNA3DB_ALL,96,19.017,2.1154622997787698e-08,0.778,0.771,0.5,0.788,24.434,,0.319,,,,3.965,0.0,0.289,0.179,0.242,0.337,0.4,0.655
4mgn_a.csv,RNA3DB_ALL,86,7.638,0.0,0.849,0.926,0.378,0.86,8.992,9.99,0.427,0.812,0.759,1.053,2.734,0.0,0.483,0.209,0.314,0.581,0.826,0.689
6fyx_3.csv,RNA3DB_ALL,31,25.54,0.9999999999903486,0.522,,,0.577,48.906,40.36,0.091,,2.498,1.559,0.229,0.0,0.185,0.129,0.161,0.194,0.258,0.623
8g61_mR.csv,RNA3DB_ALL,10,6.668,0.9474531265766412,,,,,,11.94,0.22,,0.646,0.707,0.296,0.0,0.0,0.0,0.0,0.0,0.0,0.706
6o1o_m.csv,RNA3DB_ALL,36,37.886,1.0,0.439,,,0.488,86.271,36.32,0.151,,3.756,1.707,0.501,0.0,0.194,0.167,0.194,0.194,0.222,0.541
8bd6_B.csv,RNA3DB_ALL,233,33.646,3.674838211509268e-14,0.703,0.803,0.118,0.698,47.835,28.38,0.211,,3.429,1.61,6.805,0.0,0.059,0.039,0.051,0.064,0.082,0.46
6vbw_K.csv,RNA3DB_ALL,61,42.507,1.0,0.408,0.0,,0.53,104.28,,0.175,,,,0.759,0.0,0.125,0.083,0.117,0.133,0.167,0.454
1kuq_b.csv,RNA3DB_ALL,57,4.766,0.0,0.806,0.9,0.0,0.793,5.911,19.85,0.436,,0.461,1.169,1.664,0.0,0.588,0.246,0.456,0.719,0.93,0.686
7jrt_b.csv,RNA3DB_ALL,134,16.317,0.0,0.868,0.874,,0.869,18.798,15.07,0.323,,1.636,0.799,6.324,0.0,0.306,0.127,0.187,0.298,0.612,0.74
4v8m_BF.csv,RNA3DB_ALL,73,18.731,0.0007213012671173,0.271,0.0,0.0,0.375,69.2,40.53,0.192,,1.98,2.244,0.825,0.0,0.164,0.082,0.11,0.178,0.288,0.294
8f0n_b.csv,RNA3DB_ALL,49,13.369,0.001138319560154,0.579,0.846,0.0,0.612,23.102,30.22,0.281,,,,1.042,0.0,0.383,0.245,0.306,0.388,0.592,0.473
5t5h_F.csv,RNA3DB_ALL,46,16.856,0.2526453450010523,0.344,0.474,,0.333,49.048,40.75,0.104,,1.716,1.923,0.882,0.0,0.212,0.087,0.152,0.239,0.37,0.37
6db8_R.csv,RNA3DB_ALL,60,11.51,1.0587603238576548e-08,0.703,0.762,,0.718,16.368,18.05,0.297,,1.112,1.5,2.554,0.0,0.421,0.233,0.3,0.517,0.633,0.489
4b3q_r.csv,RNA3DB_ALL,21,19.088,0.9999999323558174,0.651,,,0.751,29.33,12.02,0.175,,1.886,1.426,0.927,0.0,0.5,0.381,0.429,0.524,0.667,0.658
7l49_e.csv,RNA3DB_ALL,135,31.021,0.0113674891648005,0.697,0.702,0.0,0.711,44.477,18.37,0.261,,3.178,1.572,4.581,0.0,0.078,0.052,0.067,0.082,0.111,0.538
7ljy_B.csv,RNA3DB_ALL,76,8.353,0.0,0.83,0.906,0.408,0.819,10.06,18.66,0.365,,,,2.835,0.0,0.418,0.21,0.276,0.474,0.711,0.685
7oop_P.csv,RNA3DB_ALL,21,15.571,0.9995459358984276,0.497,,,0.535,31.3,30.11,0.246,,1.665,1.342,0.745,0.0,0.0,0.0,0.0,0.0,0.0,0.582
7vyx_d.csv,RNA3DB_ALL,91,23.48,0.0062009179304983,0.561,0.209,0.0,0.69,41.857,30.24,0.246,,2.434,1.878,1.957,0.0,0.124,0.066,0.099,0.143,0.187,0.453
6dvk_H.csv,RNA3DB_ALL,95,3.118,0.0,0.914,0.939,0.837,0.915,3.411,,0.686,,,,3.439,0.0,0.683,0.287,0.553,0.894,1.0,0.818
4k50_b.csv,RNA3DB_ALL,33,8.646,0.0011365405759299,0.889,1.0,1.0,0.862,9.725,,0.284,,,,1.486,0.0,0.531,0.406,0.531,0.562,0.625,0.888
7kwg_a.csv,RNA3DB_ALL,32,21.305,0.9999846184774572,0.5,,,0.555,42.609,39.82,0.123,0.675,2.149,1.642,0.185,0.0,0.359,0.156,0.281,0.438,0.562,0.561
6aay_b.csv,RNA3DB_ALL,52,16.512,0.0411152243198796,0.629,0.778,0.0,0.597,26.265,24.09,0.177,,1.682,1.375,1.57,0.0,0.173,0.115,0.173,0.173,0.231,0.617
6nu2_B.csv,RNA3DB_ALL,56,14.211,0.0001781138078706,0.532,0.521,,0.576,26.715,23.45,0.248,,1.514,1.744,1.34,0.0,0.357,0.196,0.357,0.411,0.464,0.522
7jnh_b.csv,RNA3DB_ALL,86,5.491,0.0,0.814,0.939,0.5,0.768,6.746,16.27,0.478,,0.559,0.979,4.162,0.0,0.552,0.244,0.395,0.651,0.919,0.748
7tqv_h.csv,RNA3DB_ALL,33,29.436,1.0,0.727,,,0.854,40.471,8.54,0.191,,2.873,1.483,1.719,0.0,0.364,0.242,0.303,0.394,0.515,0.799
7m5o_b.csv,RNA3DB_ALL,37,15.344,0.4812524770919782,0.632,0.68,,0.629,24.267,30.17,0.338,,1.544,1.373,1.372,0.0,0.378,0.162,0.27,0.432,0.649,0.703
8hb8_a.csv,RNA3DB_ALL,55,13.771,0.000117344282798,0.482,0.358,0.0,0.6,28.563,23.67,0.261,0.539,,,1.531,0.0,0.341,0.164,0.273,0.4,0.527,0.33
8apo_A9.csv,RNA3DB_ALL,69,11.394,5.588307594450725e-12,0.662,0.685,,0.66,17.199,22.52,0.287,0.656,1.209,1.647,2.131,0.0,0.323,0.203,0.246,0.319,0.522,0.548
3egz_b.csv,RNA3DB_ALL,65,6.842,0.0,0.777,0.919,0.0,0.782,8.8,13.62,0.372,,,,2.247,0.0,0.504,0.215,0.354,0.6,0.846,0.668
4v4y_A1.csv,RNA3DB_ALL,50,34.15,1.0,0.513,,,0.572,66.543,26.97,0.205,0.691,3.407,1.902,0.864,0.0,0.17,0.1,0.12,0.2,0.26,0.444
4v4p_B1.csv,RNA3DB_ALL,66,25.54,0.9240634706638584,0.514,0.692,,0.441,49.66,26.94,0.318,,2.588,1.535,0.819,0.0,0.167,0.061,0.121,0.197,0.288,0.579
6yan_3.csv,RNA3DB_ALL,36,37.474,1.0,0.2,,,0.241,187.368,38.14,0.099,,3.716,2.003,0.212,0.0,0.181,0.111,0.139,0.222,0.25,0.515
8ccs_Dd.csv,RNA3DB_ALL,13,16.558,0.9999999993885992,0.456,,,0.571,36.324,36.61,0.151,,1.502,1.673,0.229,0.0,0.077,0.077,0.077,0.077,0.077,0.5
6sy4_c.csv,RNA3DB_ALL,37,14.667,0.336192575495275,0.652,0.889,0.0,0.669,22.49,,0.279,,,,0.698,0.0,0.201,0.111,0.167,0.222,0.306,0.514
5u30_B.csv,RNA3DB_ALL,99,26.7,0.0660866462344719,0.74,0.714,,0.766,36.075,24.77,0.21,,2.727,1.504,3.244,0.0,0.124,0.081,0.101,0.131,0.182,0.54
8ane_r.csv,RNA3DB_ALL,66,42.373,1.0,0.296,0.333,,0.288,143.114,42.68,0.121,,4.226,1.965,0.583,0.0,0.155,0.076,0.121,0.182,0.242,0.515
7kha_j.csv,RNA3DB_ALL,45,44.237,1.0,0.289,,,0.333,153.006,43.34,0.126,,4.382,1.857,0.42,0.0,0.161,0.111,0.156,0.156,0.222,0.549
6s91_V.csv,RNA3DB_ALL,48,52.293,1.0,0.58,,,0.658,90.12,29.79,0.126,,5.301,1.74,1.093,0.0,0.151,0.125,0.146,0.146,0.188,0.585
6w2s_0.csv,RNA3DB_ALL,339,47.024,1.2630343215747077e-08,0.495,0.383,0.0,0.562,95.026,35.72,0.194,,4.72,1.906,5.184,0.0,0.111,0.035,0.083,0.124,0.201,0.378
7dmq_c.csv,RNA3DB_ALL,35,23.098,0.9999980128789046,0.605,,,0.716,38.163,19.44,0.272,,2.272,1.509,1.179,0.0,0.486,0.343,0.486,0.543,0.571,0.794
6s8e_U.csv,RNA3DB_ALL,44,49.626,1.0,0.556,,,0.662,89.327,25.75,0.116,,4.942,1.72,1.866,0.0,0.171,0.136,0.159,0.182,0.204,0.672
8apo_B1.csv,RNA3DB_ALL,102,34.316,0.9925944937583412,0.436,0.192,0.0,0.514,78.675,21.32,0.176,,3.415,1.841,2.579,0.0,0.169,0.088,0.108,0.196,0.284,0.497
7dmq_b.csv,RNA3DB_ALL,53,32.077,0.9999999999934904,0.503,0.433,,0.55,63.728,21.91,0.19,,3.219,1.686,1.694,0.0,0.217,0.17,0.207,0.226,0.264,0.605
8gh6_r.csv,RNA3DB_ALL,39,15.458,0.3727824940233979,0.55,0.381,0.0,0.643,28.105,23.03,0.227,,1.623,1.77,1.355,0.0,0.179,0.154,0.179,0.179,0.205,0.52
5czz_B.csv,RNA3DB_ALL,73,14.298,8.091140701882438e-09,0.789,0.618,0.408,0.859,18.125,,0.452,,,,3.025,0.0,0.535,0.292,0.486,0.611,0.75,0.718
6wpi_b.csv,RNA3DB_ALL,40,8.653,9.696276355719569e-06,0.856,0.846,1.0,0.854,10.109,,0.59,,,,1.411,0.0,0.231,0.128,0.179,0.256,0.359,0.844
5m0h_a.csv,RNA3DB_ALL,42,1.825,0.0,0.962,0.966,0.816,0.973,1.896,18.53,0.796,0.926,0.162,0.402,1.124,0.0,0.946,0.833,0.976,0.976,1.0,0.878
6rjg_D.csv,RNA3DB_ALL,78,16.669,4.786621107810696e-07,0.685,0.446,,0.766,24.349,18.18,0.376,,1.702,1.696,2.741,0.0,0.215,0.141,0.179,0.205,0.333,0.607
8hsr_r.csv,RNA3DB_ALL,29,23.77,0.9999999995310532,0.539,,,0.588,44.115,29.84,0.22,,,,1.335,0.0,0.0,0.0,0.0,0.0,0.0,0.727
7ync_b.csv,RNA3DB_ALL,38,39.147,1.0,0.327,,0.0,0.396,119.662,36.48,0.115,,3.861,1.83,0.557,0.0,0.197,0.132,0.184,0.21,0.263,0.547
4c7o_e.csv,RNA3DB_ALL,48,5.599,2.5873747588889283e-13,0.903,0.95,1.0,0.877,6.202,16.26,0.407,,0.567,0.696,1.861,0.0,0.599,0.396,0.5,0.583,0.917,0.768
8j12_c.csv,RNA3DB_ALL,155,34.729,0.038690096104733,0.591,0.524,0.0,0.64,58.806,20.91,0.251,,3.566,1.886,4.895,0.0,0.077,0.045,0.071,0.084,0.11,0.445
7dte_f.csv,RNA3DB_ALL,33,29.454,1.0,0.6,,,0.712,49.09,11.78,0.261,,2.97,1.526,1.349,0.0,0.348,0.273,0.364,0.364,0.394,0.802
7jtq_B.csv,RNA3DB_ALL,31,13.145,0.4306129568845304,0.316,0.348,,0.36,41.569,54.74,0.129,,1.365,2.103,0.35,0.0,0.347,0.161,0.258,0.419,0.548,0.323
6cf2_G.csv,RNA3DB_ALL,35,4.22,2.1145335482586347e-09,0.735,0.961,0.0,0.66,5.739,29.39,0.301,,0.418,0.976,1.631,0.0,0.664,0.314,0.6,0.743,1.0,0.702
7kvu_g.csv,RNA3DB_ALL,83,11.435,5.551115123125783e-17,0.539,0.604,0.0,0.576,21.218,18.25,0.281,,1.241,1.937,2.729,0.0,0.322,0.205,0.265,0.325,0.494,0.454
7dte_g.csv,RNA3DB_ALL,29,25.045,0.9999999999956936,0.746,,,0.854,33.562,9.3,0.26,,2.598,1.499,1.398,0.0,0.379,0.31,0.379,0.414,0.414,0.857
6xjy_b.csv,RNA3DB_ALL,58,11.333,2.694829859262171e-08,0.639,0.616,0.0,0.714,17.731,18.82,0.308,,1.196,1.819,1.906,0.0,0.358,0.207,0.31,0.379,0.534,0.508
4m4o_b.csv,RNA3DB_ALL,59,8.229,1.4988010832439613e-13,0.75,0.884,,0.732,10.972,16.39,0.45,,0.8,1.383,2.43,0.0,0.521,0.237,0.407,0.644,0.797,0.628
8t29_r.csv,RNA3DB_ALL,90,13.044,1.1102230246251563e-16,0.77,0.884,0.0,0.75,16.945,23.54,0.487,,1.368,1.27,2.609,0.0,0.492,0.178,0.344,0.7,0.744,0.533
1ykv_b.csv,RNA3DB_ALL,38,6.052,3.705414308718957e-08,0.767,0.853,,0.768,7.891,17.34,0.269,,0.65,1.045,0.966,0.0,0.526,0.289,0.421,0.5,0.895,0.625
6lsh_b.csv,RNA3DB_ALL,10,8.342,0.9946229799061936,0.589,,,0.722,14.156,30.59,0.292,,0.817,1.503,0.517,0.0,0.0,0.0,0.0,0.0,0.0,0.687
7os0_d.csv,RNA3DB_ALL,48,14.713,0.0154836036468026,0.508,0.524,0.0,0.52,28.971,,0.18,,,,1.165,0.0,0.197,0.106,0.128,0.213,0.34,0.48
8fjl_b2.csv,RNA3DB_ALL,60,49.414,1.0,,,,,,3.02,0.398,,4.9,1.637,12.869,0.0,0.442,0.333,0.433,0.483,0.517,0.956
4x4s_b.csv,RNA3DB_ALL,35,3.095,4.016770249748447e-11,0.897,1.0,1.0,0.853,3.449,12.02,0.377,,0.312,0.599,1.574,0.0,0.693,0.429,0.657,0.8,0.886,0.834
2gtt_W.csv,RNA3DB_ALL,99,39.024,0.9999999537418188,0.28,,,0.287,139.377,26.81,0.094,,3.953,1.849,1.97,0.0,0.086,0.051,0.071,0.081,0.141,0.479
6j6q_B.csv,RNA3DB_ALL,57,28.001,0.999961883798092,0.409,0.0,,0.498,68.411,36.41,0.122,,2.826,1.836,1.073,0.0,0.0,0.0,0.0,0.0,0.0,0.54
8do6_i.csv,RNA3DB_ALL,35,36.886,1.0,0.526,,,0.608,70.094,27.87,0.137,,3.65,1.733,0.535,0.0,0.25,0.171,0.2,0.229,0.4,0.481
7pmm_D.csv,RNA3DB_ALL,44,4.307,1.1601830607332886e-13,0.79,0.849,,0.763,5.453,28.3,0.331,,0.397,1.057,3.181,0.0,0.636,0.295,0.432,0.818,1.0,0.696
8ewg_b.csv,RNA3DB_ALL,56,24.983,0.9921080334859482,0.215,0.0,0.0,0.306,116.362,39.92,0.197,,2.586,2.221,1.178,0.0,0.183,0.107,0.143,0.214,0.268,0.364
6o7e_H.csv,RNA3DB_ALL,19,21.259,0.9999999999984774,0.487,,,0.548,43.683,40.14,0.161,,2.11,1.387,0.42,0.0,0.158,0.158,0.158,0.158,0.158,0.69
8any_Az.csv,RNA3DB_ALL,42,55.167,1.0,0.429,,,0.511,128.576,34.05,0.099,0.735,5.555,1.852,0.889,0.0,0.161,0.095,0.143,0.167,0.238,0.592
5fj4_d.csv,RNA3DB_ALL,35,4.839,1.594927961923176e-08,0.857,0.943,1.0,0.813,5.646,16.82,0.339,,0.477,0.973,0.829,0.0,0.643,0.343,0.457,0.829,0.943,0.771
8h7q_d.csv,RNA3DB_ALL,36,41.788,1.0,0.383,,,0.433,109.235,45.84,0.126,,4.183,1.671,0.225,0.0,0.181,0.139,0.167,0.194,0.222,0.52
6p5n_1.csv,RNA3DB_ALL,207,28.876,0.0,0.624,0.629,0.0,0.646,46.27,33.89,0.242,,2.941,1.542,3.701,0.0,0.068,0.039,0.053,0.072,0.106,0.5
6yam_3.csv,RNA3DB_ALL,45,45.823,1.0,0.277,,0.0,0.344,165.217,38.9,0.093,,4.535,1.957,0.371,0.0,0.15,0.089,0.111,0.156,0.244,0.473
1ddy_E.csv,RNA3DB_ALL,35,5.382,8.499161169295277e-08,0.642,0.572,,0.704,8.382,21.97,0.297,,0.607,1.36,0.633,0.0,0.571,0.314,0.457,0.657,0.857,0.581
6dtd_C.csv,RNA3DB_ALL,37,5.143,5.509244560553128e-09,0.796,0.964,,0.763,6.463,16.81,0.265,,0.507,1.107,1.552,0.0,0.547,0.324,0.405,0.513,0.946,0.671
4b3p_r.csv,RNA3DB_ALL,21,14.507,0.9967982250680294,0.667,,,0.777,21.753,10.19,0.187,,1.539,1.348,0.378,0.0,0.321,0.238,0.286,0.381,0.381,0.701
5t2a_F.csv,RNA3DB_ALL,71,19.638,0.0071758956872522,0.402,0.354,,0.424,48.899,31.76,0.187,,2.025,1.978,1.584,0.0,0.13,0.085,0.099,0.141,0.197,0.42
7nrd_S3.csv,RNA3DB_ALL,32,40.517,1.0,0.268,,,0.303,150.922,45.17,0.094,,3.968,1.818,0.903,0.0,0.195,0.125,0.156,0.219,0.281,0.568
6nud_H.csv,RNA3DB_ALL,40,38.666,1.0,0.34,,,0.394,113.605,29.41,0.105,,3.774,1.755,0.593,0.0,0.175,0.125,0.175,0.175,0.225,0.534
8qpp_V.csv,RNA3DB_ALL,33,45.089,1.0,0.307,,,0.386,147.076,43.14,0.109,,4.418,1.857,0.404,0.0,0.197,0.151,0.182,0.212,0.242,0.563
4oog_d.csv,RNA3DB_ALL,34,3.471,4.963841560012836e-10,0.918,1.0,,0.886,3.779,12.52,0.406,,0.308,0.778,2.422,0.0,0.765,0.441,0.735,0.882,1.0,0.838
6w5c_B.csv,RNA3DB_ALL,50,32.27,0.9999999999998596,0.508,0.0,,0.639,63.524,20.64,0.233,,3.283,1.839,1.476,0.0,0.255,0.14,0.22,0.28,0.38,0.556
4r8i_B.csv,RNA3DB_ALL,40,,,0.0,0.0,,0.0,,,0.111,,1.367,2.48,0.876,0.0,0.194,0.125,0.15,0.2,0.3,0.303
7v00_g.csv,RNA3DB_ALL,30,36.935,1.0,0.136,,,0.167,271.413,46.24,0.119,,3.654,1.976,0.349,0.0,0.25,0.233,0.233,0.233,0.3,0.54
8fn6_g.csv,RNA3DB_ALL,46,8.56,6.651543554836439e-08,,,,,,16.7,0.483,,0.922,1.665,3.991,0.0,0.554,0.261,0.37,0.739,0.848,0.633
8do6_j.csv,RNA3DB_ALL,26,28.887,1.0,0.587,,,0.65,49.2,27.01,0.122,,3.007,1.484,0.693,0.0,0.26,0.154,0.231,0.308,0.346,0.702
6rti_X.csv,RNA3DB_ALL,43,10.941,0.0002450760859689,0.66,0.769,,0.669,16.572,17.67,0.267,,1.17,1.484,1.482,0.0,0.401,0.302,0.349,0.419,0.535,0.542
7xfz_E.csv,RNA3DB_ALL,43,29.922,0.9999999999991604,0.664,0.679,,0.659,45.066,39.03,0.283,,2.97,1.34,1.191,0.0,0.401,0.256,0.395,0.419,0.535,0.657
6bk8_e.csv,RNA3DB_ALL,34,29.555,1.0,,,,,,46.81,0.15,,2.953,1.967,0.417,0.0,0.272,0.176,0.265,0.324,0.324,0.614
7cyq_i.csv,RNA3DB_ALL,25,21.173,0.9999999822502956,0.683,,,0.776,31.012,16.84,0.205,,2.099,1.654,0.577,0.0,0.43,0.32,0.36,0.48,0.56,0.659
8j1q_E.csv,RNA3DB_ALL,42,12.47,0.0066212022943634,0.13,0.0,0.0,0.2,96.187,62.44,0.2,,1.291,2.398,0.348,0.0,0.25,0.143,0.191,0.262,0.405,0.34
8ova_BE.csv,RNA3DB_ALL,188,43.661,0.8108537246494747,0.551,0.582,0.086,0.583,79.293,22.76,0.199,,4.398,1.756,5.29,0.0,0.064,0.037,0.048,0.069,0.101,0.472
7ei5_A.csv,RNA3DB_ALL,35,,,0.452,0.0,,0.636,,,0.252,0.412,,,0.952,0.0,0.343,0.171,0.257,0.4,0.543,0.445
7zoq_c.csv,RNA3DB_ALL,39,40.601,1.0,0.258,,,0.312,157.458,42.42,0.149,,3.978,1.932,0.689,0.0,0.186,0.103,0.154,0.231,0.256,0.52
1gtf_W.csv,RNA3DB_ALL,44,30.921,0.9999999999999556,0.151,,,0.182,205.106,50.23,0.086,,3.098,2.07,0.0,0.0,0.114,0.091,0.091,0.091,0.182,0.399
7ynb_c.csv,RNA3DB_ALL,28,30.985,1.0,0.494,,,0.592,62.67,30.37,0.116,,3.089,1.588,0.334,0.0,0.259,0.179,0.25,0.25,0.357,0.676
5dea_a.csv,RNA3DB_ALL,35,6.417,1.6262789798715538e-06,0.488,0.598,0.0,0.624,13.155,27.24,0.29,0.581,0.634,2.017,0.692,0.0,0.557,0.314,0.371,0.629,0.914,0.369
7vti_b.csv,RNA3DB_ALL,40,10.497,0.0005824136321568,0.692,0.721,0.0,0.718,15.163,20.16,0.209,,1.004,1.424,1.323,0.0,0.306,0.175,0.2,0.325,0.525,0.563
7cyq_j.csv,RNA3DB_ALL,27,17.649,0.9991188347951816,0.72,,,0.826,24.506,13.72,0.294,,1.777,1.445,1.387,0.0,0.13,0.074,0.148,0.148,0.148,0.782
7jrs_b.csv,RNA3DB_ALL,129,19.618,2.220446049250313e-16,0.862,0.835,0.791,0.878,22.767,9.86,0.34,,2.04,0.922,5.768,0.0,0.273,0.147,0.225,0.326,0.395,0.786
7qi4_Ay.csv,RNA3DB_ALL,52,8.96,1.485732536998796e-09,0.811,0.939,,0.8,11.046,19.54,0.455,0.728,0.881,1.344,1.699,0.0,0.558,0.346,0.5,0.596,0.788,0.591
7d8o_l.csv,RNA3DB_ALL,37,14.568,0.3162696216497472,0.388,0.365,0.0,0.436,37.546,,0.313,,,,0.785,0.0,0.389,0.306,0.333,0.444,0.472,0.376
6d3p_A.csv,RNA3DB_ALL,45,13.829,0.0140998573688261,0.729,0.832,0.5,0.725,18.967,17.55,0.325,0.752,1.413,1.372,1.448,0.0,0.517,0.267,0.444,0.644,0.711,0.653
6ff7_Z.csv,RNA3DB_ALL,48,35.989,1.0,0.348,,,0.412,103.433,30.75,0.168,,3.666,1.772,0.643,0.0,0.0,0.0,0.0,0.0,0.0,0.546
5xwy_b.csv,RNA3DB_ALL,51,20.174,0.6697928231941227,0.494,0.426,,0.527,40.836,32.58,0.204,,2.053,1.8,1.122,0.0,0.26,0.176,0.216,0.275,0.372,0.474
6d6r_O.csv,RNA3DB_ALL,48,,,0.41,,,0.435,,,0.196,,,,0.474,0.0,0.229,0.125,0.229,0.271,0.292,0.479
8d1v_j.csv,RNA3DB_ALL,34,34.255,1.0,0.225,,0.0,0.275,151.961,43.69,0.157,,3.358,1.938,0.38,0.0,0.243,0.176,0.206,0.265,0.324,0.493
7oaw_b.csv,RNA3DB_ALL,51,11.309,3.6278902982855854e-06,0.641,0.751,0.213,0.675,17.644,15.96,0.335,,,,1.541,0.0,0.23,0.157,0.157,0.216,0.392,0.505
1f1t_A.csv,RNA3DB_ALL,38,7.002,6.082601244905561e-07,0.764,0.964,0.447,0.716,9.164,22.61,0.286,0.746,0.705,1.32,1.239,0.0,0.493,0.263,0.395,0.553,0.763,0.579
6c63_B.csv,RNA3DB_ALL,36,8.107,4.955850961757546e-05,0.677,1.0,0.267,0.757,11.977,31.27,0.287,,0.803,1.612,0.771,0.0,0.472,0.278,0.417,0.5,0.694,0.485
5kk5_B.csv,RNA3DB_ALL,40,25.075,0.9999993877454212,0.54,0.0,0.0,0.712,46.42,,0.222,,,,1.396,0.0,0.308,0.179,0.256,0.333,0.462,0.461
R1138.csv,CASP_RNA,720,47.028,0.0,0.825,0.935,0.117,0.792,57.016,20.38,0.233,0.809,4.755,0.996,33.886,0.0,0.085,0.024,0.054,0.096,0.168,0.481
R1107.csv,CASP_RNA,69,15.039,9.415549412361556e-07,0.807,0.935,0.0,0.791,18.634,19.02,0.214,0.784,1.616,1.346,1.943,0.0,0.254,0.13,0.203,0.261,0.42,0.546
R1116.csv,CASP_RNA,146,,,0.36,0.0,0.0,0.533,,,0.536,0.036,,,4.944,0.0,0.161,0.069,0.096,0.171,0.308,0.693
R1117.csv,CASP_RNA,30,3.451,4.012519438933992e-08,0.588,0.935,0.0,0.632,5.868,,0.308,0.664,,,0.665,0.0,0.741,0.414,0.621,0.931,1.0,0.473
R1128.csv,CASP_RNA,238,22.803,0.0,0.882,0.995,0.8,0.827,25.862,11.36,0.23,0.906,2.381,0.627,19.118,0.0,0.171,0.118,0.147,0.172,0.248,0.735
R1149.csv,CASP_RNA,124,12.65,0.0,0.839,0.821,0.707,0.848,15.087,10.46,0.337,0.845,1.322,1.153,5.597,0.0,0.284,0.169,0.218,0.282,0.468,0.668
R1189.csv,CASP_RNA,118,26.574,0.0004465833684565,0.664,0.791,,0.625,40.004,32.73,0.267,0.683,2.734,1.587,3.269,0.0,0.208,0.119,0.144,0.254,0.314,0.526
R1190.csv,CASP_RNA,118,26.485,0.000374176265097,0.661,0.765,0.0,0.634,40.056,32.5,0.289,0.708,2.742,1.564,4.073,0.0,0.246,0.152,0.229,0.28,0.322,0.569
R1156.csv,CASP_RNA,135,22.183,3.2923663795259017e-13,0.824,0.896,,0.809,26.932,11.15,0.412,0.828,2.26,1.137,5.301,0.0,0.343,0.156,0.289,0.43,0.496,0.609
R1126.csv,CASP_RNA,363,43.016,0.0,0.786,0.922,0.265,0.744,54.72,22.61,0.23,0.802,4.321,1.183,16.742,0.0,0.118,0.058,0.085,0.135,0.196,0.567
R1136.csv,CASP_RNA,374,33.32,0.0,0.854,0.924,0.171,0.848,39.016,14.15,0.323,0.829,3.389,1.044,22.892,0.0,0.181,0.056,0.11,0.201,0.358,0.61
R1108.csv,CASP_RNA,69,14.252,9.82856497300233e-08,0.818,1.0,,0.761,17.428,18.64,0.384,0.789,1.486,1.244,2.463,0.0,0.453,0.203,0.435,0.551,0.623,0.581
2IL9.csv,RNASOLO,135,8.546,0.0,0.567,0.389,0.258,0.644,15.066,18.46,0.511,,0.899,1.31,2.03,0.0,0.0,0.0,0.0,0.0,0.0,0.598
2A64.csv,RNASOLO,298,7.137,0.0,0.79,0.949,0.524,0.747,9.039,17.88,0.733,0.304,0.721,1.053,7.248,0.0,0.205,0.054,0.144,0.255,0.369,0.646
6N5P.csv,RNASOLO,126,2.032,0.0,0.912,0.974,0.9,0.888,2.228,12.73,0.913,0.04,0.179,0.675,3.379,0.0,0.381,0.095,0.143,0.294,0.992,0.896
4PQV.csv,RNASOLO,68,11.389,1.2554512984763731e-11,0.831,0.917,0.408,0.816,13.708,17.06,0.438,0.801,1.198,1.213,2.198,0.0,0.518,0.221,0.412,0.691,0.75,0.665
3LA5.csv,RNASOLO,71,2.284,0.0,0.927,1.0,0.707,0.923,2.463,8.49,0.748,0.034,0.221,0.54,2.548,0.0,0.201,0.113,0.127,0.197,0.366,0.812
4LVW.csv,RNASOLO,89,1.746,0.0,0.926,1.0,0.53,0.928,1.885,8.44,0.837,0.904,0.161,0.527,3.269,0.0,0.843,0.506,0.865,1.0,1.0,0.777
4RUM.csv,RNASOLO,92,,,0.863,0.968,0.866,0.824,,,0.623,0.022,0.424,0.97,3.126,0.0,0.132,0.066,0.11,0.154,0.198,0.709
4WFL.csv,RNASOLO,105,2.001,0.0,0.933,0.974,0.798,0.932,2.145,9.31,0.798,0.018,0.211,0.489,3.993,0.0,0.143,0.076,0.133,0.152,0.209,0.831
6CU1.csv,RNASOLO,79,2.103,0.0,0.928,1.0,0.935,0.898,2.266,8.05,0.783,0.03,0.229,0.479,3.233,0.0,0.212,0.114,0.127,0.24,0.367,0.894
6UES.csv,RNASOLO,119,5.963,0.0,0.798,0.88,0.0,0.773,7.471,19.61,0.608,0.787,0.597,1.214,3.913,0.0,0.525,0.168,0.429,0.647,0.857,0.628
7KGA.csv,RNASOLO,89,9.535,0.0,0.816,0.909,0.0,0.792,11.685,16.04,0.484,0.774,0.973,1.179,3.647,0.0,0.424,0.146,0.247,0.506,0.798,0.584
3D2V.csv,RNASOLO,77,4.192,0.0,0.796,0.953,0.555,0.787,5.267,15.41,0.642,0.818,0.401,1.127,1.836,0.0,0.685,0.338,0.623,0.818,0.961,0.687
3DIL.csv,RNASOLO,173,1.524,0.0,0.908,1.0,0.746,0.889,1.679,7.26,0.952,0.928,0.14,0.528,6.664,0.0,0.894,0.636,0.948,0.994,1.0,0.895
2QUS.csv,RNASOLO,68,4.596,0.0,0.857,0.955,0.0,0.857,5.362,17.21,0.574,0.046,0.459,1.032,2.774,0.0,0.393,0.176,0.25,0.368,0.779,0.74
4AOB.csv,RNASOLO,94,1.151,0.0,0.921,0.984,0.612,0.917,1.249,17.09,0.918,0.935,0.117,0.363,2.271,0.0,0.92,0.723,0.957,1.0,1.0,0.919
4ENC.csv,RNASOLO,52,3.63,0.0,0.902,0.968,0.577,0.897,4.026,12.18,0.513,0.904,0.361,0.671,2.323,0.0,0.688,0.346,0.596,0.827,0.981,0.723
4ZNP.csv,RNASOLO,73,3.808,0.0,0.841,0.935,0.667,0.815,4.527,22.1,0.683,0.81,0.354,1.018,2.025,0.0,0.74,0.411,0.699,0.863,0.986,0.707
1YFG.csv,RNASOLO,64,18.337,0.0101580126401716,0.61,0.632,0.0,0.634,30.055,28.91,0.329,0.127,1.936,1.706,1.882,0.0,0.137,0.109,0.125,0.125,0.188,0.515
7ELQ.csv,RNASOLO,45,1.565,0.0,0.86,0.875,0.707,0.87,1.82,13.71,0.556,0.052,0.162,0.533,1.384,0.0,0.494,0.222,0.356,0.444,0.956,0.857
5T83.csv,RNASOLO,90,,,0.397,0.0,0.0,0.575,,,0.86,0.005,0.191,0.668,1.899,0.0,0.149,0.067,0.09,0.169,0.27,0.865
1U9S.csv,RNASOLO,155,3.429,0.0,0.814,0.96,0.433,0.801,4.212,14.8,0.775,0.019,0.349,0.921,4.412,0.0,0.073,0.039,0.052,0.084,0.116,0.787
6FZ0.csv,RNASOLO,47,23.725,0.9986462731440718,0.413,0.0,,0.569,57.442,24.44,0.178,0.048,,,0.748,0.0,0.192,0.128,0.192,0.213,0.234,0.249
6PRV.csv,RNASOLO,57,0.603,0.0,0.963,0.968,0.866,0.978,0.626,8.9,0.934,,0.064,0.294,1.229,0.0,0.0,0.0,0.0,0.0,0.0,0.956
8SA3.csv,RNASOLO,210,14.036,0.0,0.802,0.878,0.459,0.811,17.5,19.01,0.736,0.812,1.379,1.078,3.821,0.0,0.575,0.238,0.467,0.738,0.857,0.681
1XJR.csv,RNASOLO,46,8.216,2.3055393261195437e-08,0.895,1.0,0.707,0.88,9.185,12.66,0.462,0.013,0.82,0.924,1.378,0.0,0.321,0.174,0.239,0.391,0.478,0.702
7eu0_o.csv,RNA3DB_CONTEXT,32,4.998,5.003366009836974e-07,0.836,,,0.836,5.977,47.62,0.22,0.781,0.465,0.809,0.577,0.0,0.57,0.219,0.344,0.719,1.0,0.514
1g1x_d.csv,RNA3DB_CONTEXT,40,0.61,0.0,0.945,1.0,1.0,0.938,0.646,8.47,0.871,0.975,0.062,0.358,0.889,0.0,0.994,0.975,1.0,1.0,1.0,0.858
7sba_z.csv,RNA3DB_CONTEXT,43,11.045,0.0003034226565273,0.361,,,0.361,30.554,38.34,0.136,0.563,1.159,1.215,0.524,0.0,0.296,0.093,0.163,0.302,0.628,0.451
5voe_a.csv,RNA3DB_CONTEXT,36,2.123,2.6556534749033744e-13,0.84,1.0,,0.795,2.527,18.24,0.498,0.898,0.187,0.829,1.443,0.0,0.854,0.528,0.889,1.0,1.0,0.434
4rmo_p.csv,RNA3DB_CONTEXT,45,2.729,5.551115123125783e-17,0.866,1.0,0.378,0.909,3.149,11.61,0.586,0.904,0.269,0.503,0.832,0.0,0.811,0.511,0.822,0.911,1.0,0.854
7vg2_c.csv,RNA3DB_CONTEXT,35,5.539,1.360529269800459e-07,0.952,,,0.952,5.819,12.25,0.279,0.957,0.565,0.303,2.271,0.0,0.579,0.314,0.371,0.657,0.971,0.909
7tr8_r.csv,RNA3DB_CONTEXT,45,25.51,0.999991260317268,0.276,,,0.315,92.417,43.52,0.143,0.544,2.534,1.499,0.285,0.0,0.239,0.111,0.178,0.244,0.422,0.4
8ibw_d.csv,RNA3DB_CONTEXT,39,10.558,0.0011575826136892,0.713,0.789,0.0,0.714,14.81,31.35,0.306,0.672,1.074,1.438,1.126,0.0,0.474,0.282,0.41,0.487,0.718,0.561
7v94_b.csv,RNA3DB_CONTEXT,83,9.722,0.0,0.766,0.725,,0.782,12.699,17.49,0.524,0.733,1.026,1.267,2.96,0.0,0.482,0.181,0.349,0.566,0.831,0.571
3nmu_d.csv,RNA3DB_CONTEXT,34,0.716,1.0769163338864018e-14,0.934,1.0,1.0,0.914,0.766,12.25,0.812,0.957,0.074,0.254,0.427,0.0,0.985,0.941,1.0,1.0,1.0,0.958
6e82_a.csv,RNA3DB_CONTEXT,36,12.648,0.0853151577526208,0.553,0.566,0.0,0.617,22.859,32.98,0.263,0.546,1.387,2.031,0.549,0.0,0.382,0.222,0.361,0.417,0.528,0.388
8upt_a.csv,RNA3DB_CONTEXT,71,3.693,0.0,0.809,0.885,0.447,0.812,4.562,31.25,0.678,0.841,0.37,0.896,1.323,0.0,0.75,0.366,0.732,0.93,0.972,0.72
1zho_b.csv,RNA3DB_CONTEXT,38,0.477,0.0,0.966,1.0,0.707,0.967,0.494,6.33,0.895,0.964,0.05,0.189,1.64,0.0,1.0,1.0,1.0,1.0,1.0,0.988
8ff5_m.csv,RNA3DB_CONTEXT,63,34.218,0.99999999998302,0.377,,,0.442,90.712,40.44,0.186,0.665,3.447,1.137,0.452,0.0,0.202,0.095,0.127,0.238,0.349,0.518
5gin_g.csv,RNA3DB_CONTEXT,35,29.893,1.0,0.689,,,0.786,43.415,10.23,0.395,0.892,2.91,1.142,0.863,0.0,0.543,0.457,0.543,0.571,0.6,0.918
1gtn_w.csv,RNA3DB_CONTEXT,44,30.801,0.9999999999999264,0.114,,,0.142,270.276,44.56,0.08,0.593,3.162,1.738,0.0,0.0,0.125,0.091,0.091,0.136,0.182,0.313
4ni7_b.csv,RNA3DB_CONTEXT,31,,,0.191,0.0,0.0,0.34,,,0.117,,,,0.179,0.0,0.233,0.133,0.167,0.2,0.433,0.183
7jl2_x.csv,RNA3DB_CONTEXT,44,3.967,2.7866597918091432e-14,0.885,,,0.885,4.485,6.65,0.291,0.959,0.435,0.241,5.869,0.0,0.574,0.25,0.386,0.659,1.0,0.911
6vuh_a.csv,RNA3DB_CONTEXT,33,1.133,2.4974466938942896e-13,0.839,1.0,0.548,0.891,1.351,9.74,0.651,0.904,0.108,0.443,0.642,0.0,0.962,0.849,1.0,1.0,1.0,0.87
7r6l_b.csv,RNA3DB_CONTEXT,23,13.548,0.957564871374704,0.375,,,0.375,36.129,33.42,0.193,0.536,1.417,1.11,0.87,0.0,0.348,0.174,0.261,0.435,0.522,0.396
6ifr_j.csv,RNA3DB_CONTEXT,35,10.662,0.0108327836398473,0.864,,,0.864,12.345,23.33,0.365,0.875,1.1,0.533,0.882,0.0,0.586,0.4,0.486,0.657,0.8,0.766
5wlh_b.csv,RNA3DB_CONTEXT,43,0.9,0.0,0.951,1.0,,0.96,0.946,,0.838,,,,0.719,0.0,0.982,0.929,1.0,1.0,1.0,0.937
7vg2_d.csv,RNA3DB_CONTEXT,36,6.06,2.451359121247165e-07,0.904,,,0.904,6.706,9.42,0.23,0.917,0.64,0.374,2.991,0.0,0.535,0.278,0.361,0.556,0.944,0.856
1s03_b.csv,RNA3DB_CONTEXT,47,2.364,0.0,0.923,0.973,0.707,0.909,2.56,18.24,0.72,0.911,0.177,0.471,1.944,0.0,0.899,0.702,0.894,1.0,1.0,0.823
5y7m_b.csv,RNA3DB_CONTEXT,51,3.707,0.0,0.864,0.964,0.671,0.854,4.289,12.37,0.567,0.919,0.355,0.755,0.961,0.0,0.745,0.549,0.647,0.784,1.0,0.829
8d29_r.csv,RNA3DB_CONTEXT,34,5.783,6.96483474393883e-07,0.754,0.763,1.0,0.743,7.672,17.74,0.286,0.886,0.602,1.017,0.991,0.0,0.566,0.353,0.471,0.588,0.853,0.765
4k27_u.csv,RNA3DB_CONTEXT,55,2.165,0.0,0.924,1.0,0.816,0.894,2.342,9.76,0.643,0.916,0.215,0.397,2.371,0.0,0.8,0.455,0.746,1.0,1.0,0.867
7jl2_y.csv,RNA3DB_CONTEXT,44,3.932,2.398081733190338e-14,0.837,,,0.837,4.695,9.14,0.356,0.965,0.444,0.243,5.112,0.0,0.619,0.341,0.432,0.705,1.0,0.925
7wm4_a.csv,RNA3DB_CONTEXT,81,5.724,0.0,0.742,,,0.742,7.719,22.89,0.394,0.941,0.634,0.322,6.827,0.0,0.469,0.185,0.321,0.518,0.852,0.843
7dlz_x.csv,RNA3DB_CONTEXT,45,2.012,0.0,0.85,0.935,0.0,0.849,2.368,19.55,0.689,0.878,0.153,0.991,1.181,0.0,0.9,0.644,0.956,1.0,1.0,0.819
3ciy_c.csv,RNA3DB_CONTEXT,46,2.403,0.0,0.93,,,0.93,2.585,8.08,0.549,0.973,0.25,0.192,2.254,0.0,0.783,0.435,0.783,0.913,1.0,0.949
6xmf_c.csv,RNA3DB_CONTEXT,109,3.621,0.0,0.869,0.933,0.338,0.879,4.166,15.29,0.733,0.86,0.362,0.859,2.961,0.0,0.681,0.294,0.578,0.899,0.954,0.769
7x7r_j.csv,RNA3DB_CONTEXT,20,20.347,0.9999999997457868,0.365,,,0.365,55.723,51.8,0.168,0.377,2.026,1.241,0.078,0.0,0.338,0.2,0.25,0.35,0.55,0.338
6ltp_b.csv,RNA3DB_CONTEXT,42,12.867,0.0120227302583098,0.8,1.0,,0.728,16.08,25.09,0.529,0.813,1.335,0.83,0.644,0.0,0.613,0.548,0.595,0.643,0.667,0.811
7ozq_e.csv,RNA3DB_CONTEXT,32,8.802,0.0027338877518271,0.795,0.853,0.0,0.838,11.07,10.22,0.406,0.841,0.936,1.224,0.731,0.0,0.672,0.531,0.656,0.719,0.781,0.742
5btm_b.csv,RNA3DB_CONTEXT,43,9.111,3.3586894443438098e-06,0.816,0.54,0.816,0.917,11.168,14.32,0.53,0.77,1.021,1.426,1.323,0.0,0.762,0.535,0.744,0.884,0.884,0.705
5hrt_b.csv,RNA3DB_CONTEXT,34,5.585,0.0003839985960655,0.863,0.926,,0.918,6.472,26.01,0.186,0.79,0.596,1.131,0.706,0.0,0.558,0.346,0.423,0.615,0.846,0.568
6ifu_i.csv,RNA3DB_CONTEXT,34,10.807,0.0209214367183025,0.739,,,0.739,14.632,15.96,0.424,0.858,1.112,0.531,0.829,0.0,0.596,0.5,0.529,0.618,0.735,0.812
6ww6_d.csv,RNA3DB_CONTEXT,17,6.695,0.2791092714906674,0.778,0.866,,0.753,8.607,18.95,0.345,0.632,0.635,1.047,0.38,0.0,0.721,0.529,0.706,0.824,0.824,0.614
3hhn_c.csv,RNA3DB_CONTEXT,137,1.041,0.0,0.911,0.989,0.447,0.898,1.143,10.16,0.957,0.946,0.107,0.396,4.871,0.0,0.929,0.737,0.978,1.0,1.0,0.95
6iv8_d.csv,RNA3DB_CONTEXT,53,2.884,0.0,0.88,1.0,,0.85,3.279,15.31,0.689,0.9,0.26,0.656,1.112,0.0,0.83,0.623,0.811,0.887,1.0,0.842
7sbb_x.csv,RNA3DB_CONTEXT,33,7.774,0.0002027319082445,0.754,,,0.754,10.313,45.71,0.165,0.849,0.885,0.726,0.597,0.0,0.477,0.151,0.394,0.606,0.758,0.624
5dcv_b.csv,RNA3DB_CONTEXT,47,2.556,0.0,0.833,0.923,0.447,0.85,3.07,27.1,0.581,0.838,0.236,0.812,0.68,0.0,0.793,0.404,0.808,0.979,0.979,0.796
8bvj_b.csv,RNA3DB_CONTEXT,55,27.552,0.9999652087431984,0.081,0.0,0.0,0.096,341.915,56.02,0.14,0.233,2.724,1.796,0.303,0.0,0.141,0.073,0.109,0.164,0.218,0.212
8gkh_w.csv,RNA3DB_CONTEXT,76,6.936,0.0,0.748,0.858,,0.711,9.278,26.09,0.427,0.77,0.685,1.175,2.179,0.0,0.398,0.158,0.25,0.368,0.816,0.627
8e6w_8.csv,RNA3DB_CONTEXT,58,26.618,0.9988715656623528,0.081,,,0.085,329.252,56.86,0.115,0.537,2.66,1.412,0.739,0.0,0.134,0.069,0.086,0.138,0.241,0.504
6xn4_r.csv,RNA3DB_CONTEXT,35,10.274,0.0060105503542371,0.355,,,0.355,28.913,36.33,0.179,0.71,1.042,1.011,0.604,0.0,0.364,0.2,0.257,0.371,0.629,0.615
6o1o_n.csv,RNA3DB_CONTEXT,30,8.41,0.0045056576911067,0.654,,,0.654,12.864,32.76,0.215,0.873,0.839,0.611,0.372,0.0,0.6,0.3,0.4,0.8,0.9,0.722
6e9e_b.csv,RNA3DB_CONTEXT,51,2.77,0.0,0.66,0.408,,0.716,4.2,12.95,0.673,0.902,0.244,1.014,0.563,0.0,0.819,0.608,0.765,0.902,1.0,0.816
8hud_b.csv,RNA3DB_CONTEXT,72,1.558,0.0,0.81,0.915,0.0,0.8,1.924,14.18,0.858,0.926,0.136,0.438,1.976,0.0,0.91,0.681,0.958,1.0,1.0,0.881
8gxb_b.csv,RNA3DB_CONTEXT,61,8.508,6.83342271656784e-14,0.686,0.964,0.101,0.734,12.4,17.63,0.344,0.728,0.858,1.545,1.282,0.0,0.467,0.328,0.344,0.492,0.705,0.561
3id5_d.csv,RNA3DB_CONTEXT,34,4.914,5.5104993401666746e-08,0.946,1.0,1.0,0.927,5.196,,0.54,,,,0.364,0.0,0.773,0.667,0.758,0.758,0.909,0.812
7tqv_g.csv,RNA3DB_CONTEXT,33,4.914,1.4843179785284377e-07,0.881,,,0.881,5.58,12.27,0.25,0.882,0.516,0.486,3.113,0.0,0.621,0.333,0.515,0.697,0.939,0.813
4pmi_a.csv,RNA3DB_CONTEXT,40,2.402,4.773959005888173e-15,0.922,1.0,0.816,0.896,2.605,10.97,0.496,0.935,0.26,0.55,1.337,0.0,0.781,0.475,0.7,0.95,1.0,0.857
4kr9_m.csv,RNA3DB_CONTEXT,39,3.536,1.85357285076293e-12,0.854,1.0,0.0,0.818,4.14,25.38,0.611,0.825,0.223,0.865,0.937,0.0,0.846,0.641,0.769,0.974,1.0,0.756
4mgn_a.csv,RNA3DB_CONTEXT,86,1.508,0.0,0.933,0.98,0.935,0.917,1.616,8.67,0.834,0.914,0.157,0.511,2.544,0.0,0.831,0.419,0.907,1.0,1.0,0.859
6o1o_m.csv,RNA3DB_CONTEXT,36,6.871,2.3286303858505164e-06,0.674,,,0.674,10.191,37.57,0.175,0.766,0.68,0.871,0.417,0.0,0.472,0.194,0.306,0.556,0.833,0.551
1kuq_b.csv,RNA3DB_CONTEXT,57,0.903,0.0,0.953,1.0,0.577,0.952,0.947,15.36,0.894,0.942,0.084,0.395,1.603,0.0,0.969,0.877,1.0,1.0,1.0,0.807
7jrt_b.csv,RNA3DB_CONTEXT,134,16.239,0.0,0.854,0.881,,0.849,19.01,14.91,0.365,0.888,1.63,0.816,6.146,0.0,0.33,0.119,0.202,0.373,0.627,0.719
8f0n_b.csv,RNA3DB_CONTEXT,49,12.003,6.93989341684631e-05,0.59,0.788,0.0,0.644,20.336,26.96,0.291,,,,1.156,0.0,0.388,0.245,0.306,0.367,0.633,0.436
4b3q_r.csv,RNA3DB_CONTEXT,21,3.664,0.000488325221283,0.91,,,0.91,4.029,9.94,0.337,0.863,0.362,0.487,1.309,0.0,0.762,0.524,0.667,0.905,0.952,0.852
7l49_e.csv,RNA3DB_CONTEXT,135,21.589,2.7922109069322687e-14,0.725,0.656,0.0,0.76,29.789,18.15,0.564,0.663,2.178,1.34,3.167,0.0,0.476,0.237,0.363,0.585,0.719,0.591
7vyx_d.csv,RNA3DB_CONTEXT,91,21.572,0.0001852744162795,0.564,0.287,0.0,0.655,38.238,34.39,0.272,0.596,2.194,1.697,1.371,0.0,0.244,0.121,0.187,0.253,0.418,0.402
4k50_b.csv,RNA3DB_CONTEXT,33,1.233,3.748668042646841e-13,0.926,1.0,1.0,0.907,1.331,,0.537,,,,1.333,0.0,0.891,0.594,0.969,1.0,1.0,0.986
7kwg_a.csv,RNA3DB_CONTEXT,32,7.67,0.000328374869029,0.377,,,0.377,20.351,41.23,0.201,0.594,0.771,1.173,0.162,0.0,0.391,0.125,0.281,0.5,0.656,0.506
6aay_b.csv,RNA3DB_CONTEXT,52,3.815,0.0,0.814,0.953,0.577,0.791,4.686,22.75,0.575,0.855,0.352,0.932,1.066,0.0,0.745,0.404,0.712,0.923,0.942,0.773
7jnh_b.csv,RNA3DB_CONTEXT,86,1.308,0.0,0.891,1.0,1.0,0.846,1.469,15.39,0.861,0.946,0.139,0.467,4.243,0.0,0.855,0.465,0.954,1.0,1.0,0.907
7tqv_h.csv,RNA3DB_CONTEXT,33,16.531,0.908059130164682,0.776,,,0.776,21.312,11.15,0.242,0.684,1.701,0.695,2.977,0.0,0.583,0.273,0.515,0.727,0.818,0.622
7m5o_b.csv,RNA3DB_CONTEXT,37,6.272,1.8190792278049986e-07,0.775,1.0,,0.732,8.097,24.65,0.515,0.845,0.616,0.877,1.064,0.0,0.737,0.595,0.676,0.757,0.919,0.807
8hb8_a.csv,RNA3DB_CONTEXT,55,11.869,1.0952069988134916e-06,0.592,0.881,0.0,0.599,20.036,22.12,0.284,0.568,1.295,1.759,1.323,0.0,0.323,0.182,0.255,0.291,0.564,0.362
3egz_b.csv,RNA3DB_CONTEXT,65,3.306,0.0,0.833,0.946,0.577,0.819,3.971,11.72,0.598,0.863,0.307,0.771,1.993,0.0,0.739,0.4,0.646,0.908,1.0,0.724
6sy4_c.csv,RNA3DB_CONTEXT,37,1.392,3.1641356201816957e-15,0.886,0.825,0.845,0.914,1.571,,0.644,,,,0.622,0.0,0.91,0.806,0.944,0.944,0.944,0.891
8ane_r.csv,RNA3DB_CONTEXT,66,36.849,0.999999999999994,0.247,0.354,,0.221,149.263,42.17,0.129,0.687,3.705,1.669,0.502,0.0,0.159,0.091,0.121,0.182,0.242,0.54
7kha_j.csv,RNA3DB_CONTEXT,45,17.76,0.4957865586831779,0.41,,,0.443,43.321,31.19,0.292,0.79,1.763,1.233,0.402,0.0,0.467,0.289,0.422,0.511,0.644,0.684
7dmq_c.csv,RNA3DB_CONTEXT,35,2.094,8.559264408347644e-13,0.774,,,0.774,2.706,17.94,0.379,0.943,0.2,0.654,1.883,0.0,0.793,0.4,0.771,1.0,1.0,0.862
7dmq_b.csv,RNA3DB_CONTEXT,53,4.614,0.0,0.778,0.866,,0.77,5.933,16.13,0.441,0.871,0.453,0.821,1.806,0.0,0.632,0.302,0.491,0.774,0.962,0.765
8gh6_r.csv,RNA3DB_CONTEXT,39,28.633,0.9999999999986764,0.211,0.0,,0.291,135.821,32.54,0.116,0.075,2.939,1.85,0.349,0.0,0.16,0.154,0.154,0.154,0.179,0.068
6wpi_b.csv,RNA3DB_CONTEXT,40,4.359,1.3966550138633238e-11,0.894,0.92,1.0,0.878,4.875,,0.727,,,,1.191,0.0,0.885,0.846,0.897,0.897,0.897,0.914
5m0h_a.csv,RNA3DB_CONTEXT,42,2.104,1.1102230246251563e-16,0.962,0.966,0.816,0.973,2.186,15.61,0.603,0.91,0.19,0.58,1.127,0.0,0.875,0.595,0.905,1.0,1.0,0.838
8hsr_r.csv,RNA3DB_CONTEXT,29,24.465,0.999999999961325,0.5,,,0.527,48.929,59.8,0.122,,2.521,1.084,0.146,0.0,0.0,0.0,0.0,0.0,0.0,0.191
7ync_b.csv,RNA3DB_CONTEXT,38,8.051,9.772935227969626e-06,0.31,,,0.323,25.965,40.42,0.306,0.52,0.761,1.158,0.371,0.0,0.342,0.105,0.132,0.395,0.737,0.473
4c7o_e.csv,RNA3DB_CONTEXT,48,1.151,0.0,0.958,1.0,1.0,0.936,1.201,9.92,0.701,0.949,0.123,0.283,1.86,0.0,0.911,0.646,1.0,1.0,1.0,0.933
8j12_c.csv,RNA3DB_CONTEXT,155,25.455,2.28428387316626e-12,0.685,0.7,0.408,0.695,37.177,19.33,0.332,0.661,2.576,1.473,3.738,0.0,0.221,0.103,0.168,0.265,0.348,0.495
7dte_f.csv,RNA3DB_CONTEXT,33,7.493,0.0001109924861429,0.822,,,0.822,9.12,12.39,0.386,0.827,0.762,0.515,1.906,0.0,0.682,0.455,0.545,0.849,0.879,0.817
7kvu_g.csv,RNA3DB_CONTEXT,83,10.448,0.0,0.564,0.667,0.0,0.588,18.523,18.5,0.312,0.628,1.123,1.989,2.723,0.0,0.328,0.217,0.253,0.325,0.518,0.475
7dte_g.csv,RNA3DB_CONTEXT,29,3.139,4.6046839952129666e-08,0.829,,,0.829,3.786,9.1,0.458,0.932,0.339,0.36,1.761,0.0,0.871,0.69,0.862,0.966,0.966,0.881
6xjy_b.csv,RNA3DB_CONTEXT,58,11.855,1.3167532142421834e-07,0.613,0.616,0.0,0.675,19.353,20.48,0.24,0.667,1.279,1.862,1.77,0.0,0.319,0.172,0.293,0.345,0.466,0.476
4m4o_b.csv,RNA3DB_CONTEXT,59,0.766,0.0,0.947,0.977,0.632,0.96,0.809,7.49,0.89,0.957,0.082,0.279,2.371,0.0,0.962,0.848,1.0,1.0,1.0,0.961
8t29_r.csv,RNA3DB_CONTEXT,90,7.923,0.0,0.764,0.849,0.354,0.743,10.367,23.12,0.52,0.805,0.845,1.181,2.5,0.0,0.514,0.189,0.444,0.656,0.767,0.633
1ykv_b.csv,RNA3DB_CONTEXT,38,1.05,1.6653345369377348e-16,0.895,0.943,0.5,0.907,1.173,15.22,0.656,0.939,0.114,0.38,0.926,0.0,0.921,0.684,1.0,1.0,1.0,0.871
6lsh_b.csv,RNA3DB_CONTEXT,10,10.363,0.9998805191117924,0.535,,,0.632,19.388,17.33,0.315,0.233,1.057,1.406,2.074,0.0,0.3,0.3,0.3,0.3,0.3,0.447
7os0_d.csv,RNA3DB_CONTEXT,48,8.392,7.193892204160335e-09,0.679,0.935,,0.615,12.361,,0.401,,,,0.726,0.0,0.543,0.34,0.425,0.596,0.808,0.607
4x4s_b.csv,RNA3DB_CONTEXT,35,0.441,7.771561172376097e-16,0.964,1.0,1.0,0.947,0.458,6.01,0.913,0.962,0.044,0.183,1.437,0.0,1.0,1.0,1.0,1.0,1.0,0.977
8do6_i.csv,RNA3DB_CONTEXT,35,11.816,0.0489799026363467,0.605,,,0.605,19.523,31.33,0.421,0.684,1.187,0.983,0.567,0.0,0.307,0.143,0.2,0.314,0.571,0.561
8ewg_b.csv,RNA3DB_CONTEXT,56,16.031,0.0052464840660124,0.279,0.333,0.0,0.274,57.446,40.44,0.189,,1.677,1.95,1.237,0.0,0.286,0.179,0.196,0.286,0.482,0.471
5fj4_d.csv,RNA3DB_CONTEXT,35,0.44,7.771561172376097e-16,0.957,1.0,1.0,0.936,0.46,7.53,0.915,0.969,0.04,0.171,0.825,0.0,1.0,1.0,1.0,1.0,1.0,0.988
8h7q_d.csv,RNA3DB_CONTEXT,36,10.414,0.0045145761853473,0.435,,,0.435,23.93,51.83,0.215,0.609,1.058,0.991,0.372,0.0,0.299,0.111,0.194,0.278,0.611,0.53
4b3p_r.csv,RNA3DB_CONTEXT,21,10.566,0.7044532574717718,0.866,,,0.866,12.201,9.31,0.421,0.828,1.143,0.547,1.049,0.0,0.762,0.571,0.762,0.857,0.857,0.784
4oog_d.csv,RNA3DB_CONTEXT,34,0.829,1.754152378907747e-14,0.945,1.0,,0.921,0.877,8.8,0.657,0.972,0.089,0.146,2.404,0.0,0.971,0.882,1.0,1.0,1.0,0.967
7v00_g.csv,RNA3DB_CONTEXT,30,13.811,0.6513074099093479,0.297,,,0.316,46.494,42.79,0.356,0.812,1.356,1.238,0.227,0.0,0.642,0.533,0.633,0.667,0.733,0.659
8fn6_g.csv,RNA3DB_CONTEXT,46,15.419,0.0715677694118285,0.35,0.0,,0.615,44.06,23.28,0.371,0.639,1.563,2.042,2.742,0.0,0.288,0.217,0.261,0.283,0.391,0.372
8do6_j.csv,RNA3DB_CONTEXT,26,9.036,0.0740317947265369,0.43,,,0.43,21.031,32.99,0.239,0.671,0.989,1.012,0.437,0.0,0.365,0.192,0.269,0.385,0.615,0.498
7cyq_i.csv,RNA3DB_CONTEXT,25,5.518,0.0007222577076451,0.9,,,0.9,6.131,8.65,0.466,0.818,0.606,0.502,1.401,0.0,0.85,0.64,0.92,0.92,0.92,0.824
7zoq_c.csv,RNA3DB_CONTEXT,39,23.023,0.9999474683526386,0.25,,,0.277,92.094,44.62,0.226,0.567,2.296,1.648,0.564,0.0,0.25,0.128,0.154,0.282,0.436,0.44
7ynb_c.csv,RNA3DB_CONTEXT,28,14.537,0.8833994593229306,0.676,,,0.676,21.5,33.32,0.119,0.778,1.543,0.868,0.388,0.0,0.304,0.179,0.214,0.321,0.5,0.649
5dea_a.csv,RNA3DB_CONTEXT,35,2.522,4.603317727003287e-12,0.864,1.0,0.881,0.81,2.918,24.8,0.459,0.841,0.222,0.687,0.83,0.0,0.829,0.486,0.857,0.971,1.0,0.688
7vti_b.csv,RNA3DB_CONTEXT,40,6.445,1.9207741064342088e-08,0.764,0.849,,0.754,8.438,26.11,0.283,0.726,0.563,1.436,1.191,0.0,0.588,0.225,0.4,0.75,0.975,0.543
7cyq_j.csv,RNA3DB_CONTEXT,27,18.874,0.99992998552736,0.77,,,0.786,24.518,14.68,0.382,0.586,1.88,0.773,0.898,0.0,0.704,0.63,0.704,0.741,0.741,0.621
7jrs_b.csv,RNA3DB_CONTEXT,129,17.953,0.0,0.852,0.835,0.745,0.867,21.071,9.99,0.373,0.902,1.871,0.922,5.795,0.0,0.324,0.178,0.256,0.326,0.535,0.785
7d8o_l.csv,RNA3DB_CONTEXT,37,4.748,1.4807842729780416e-09,0.868,0.943,1.0,0.829,5.469,,0.508,,,,0.634,0.0,0.799,0.583,0.778,0.861,0.972,0.824
5xwy_b.csv,RNA3DB_CONTEXT,51,10.768,8.491790602360716e-07,0.734,0.791,,0.728,14.666,23.16,0.502,0.778,1.089,1.037,0.777,0.0,0.662,0.392,0.608,0.784,0.863,0.703
8d1v_j.csv,RNA3DB_CONTEXT,34,7.395,4.240551564282935e-05,0.132,,,0.138,55.832,44.65,0.455,0.444,0.699,1.295,0.377,0.0,0.346,0.118,0.176,0.294,0.794,0.439
7oaw_b.csv,RNA3DB_CONTEXT,51,11.201,2.734615339783364e-06,0.598,0.652,0.302,0.641,18.73,16.49,0.325,0.673,1.205,1.726,1.516,0.0,0.343,0.294,0.314,0.333,0.431,0.499
7eu0_O.csv,RNA3DB,32,37.074,1.0,0.496,,,0.57,74.795,39.7,0.17,,3.573,1.643,1.325,0.0,0.242,0.156,0.219,0.281,0.312,0.598
6xn7_T.csv,RNA3DB,37,39.862,1.0,0.544,,,0.628,73.261,25.17,0.128,,3.966,1.603,0.959,0.0,0.216,0.135,0.162,0.27,0.297,0.637
6nud_U.csv,RNA3DB,28,34.421,1.0,0.207,,,0.246,165.971,37.86,0.131,,3.422,1.877,0.182,0.0,0.241,0.179,0.214,0.25,0.321,0.565
6zj3_LL.csv,RNA3DB,92,28.846,0.6478567379805802,0.343,0.0,0.0,0.475,84.027,24.49,0.234,,2.953,2.259,3.407,0.0,0.163,0.109,0.12,0.185,0.239,0.332
1g1x_D.csv,RNA3DB,40,19.01,0.9308956382495024,0.74,0.548,0.577,0.801,25.701,14.74,0.259,,1.992,1.65,0.883,0.0,0.381,0.275,0.3,0.375,0.575,0.613
6vff_C.csv,RNA3DB,32,,,0.685,,,0.74,,,0.292,,2.166,1.162,1.422,0.0,0.391,0.281,0.312,0.469,0.5,0.782
8ffy_C.csv,RNA3DB,61,3.067,0.0,0.744,0.858,0.0,0.707,4.122,14.6,0.562,,0.308,0.906,1.967,0.0,0.316,0.147,0.262,0.41,0.443,0.68
5zwo_G.csv,RNA3DB,60,52.237,1.0,0.34,,,0.418,153.431,44.14,0.152,,5.192,1.967,1.462,0.0,0.196,0.117,0.15,0.217,0.3,0.576
6zj3_LM.csv,RNA3DB,54,21.854,0.8288477808287976,0.481,0.0,,0.592,45.473,21.78,0.189,,2.177,1.821,1.787,0.0,0.218,0.148,0.167,0.241,0.315,0.467
6zvi_f.csv,RNA3DB,35,38.346,1.0,,,,,,43.3,0.121,,3.833,1.873,0.398,0.0,0.186,0.143,0.143,0.2,0.257,0.568
7d2l_B.csv,RNA3DB,43,17.389,0.5382672601043894,0.7,0.645,,0.714,24.843,24.29,0.264,,1.814,1.336,1.315,0.0,0.372,0.233,0.279,0.442,0.535,0.689
7sba_Z.csv,RNA3DB,43,46.492,1.0,0.387,,,0.461,120.291,30.2,0.137,,4.58,1.806,0.638,0.0,0.169,0.14,0.163,0.163,0.209,0.551
8j26_D.csv,RNA3DB,48,16.741,0.1513179310503059,0.312,0.472,,0.273,53.705,55.49,0.161,,1.689,2.027,0.466,0.0,0.219,0.104,0.167,0.25,0.354,0.344
6by1_BX.csv,RNA3DB,30,25.853,0.999999999999273,0.299,,,0.354,86.519,30.96,0.133,,2.549,1.743,0.44,0.0,0.325,0.167,0.267,0.4,0.467,0.589
6ztn_AV.csv,RNA3DB,31,42.443,1.0,0.553,,,0.623,76.783,26.01,0.199,0.039,4.257,1.512,0.737,0.0,0.21,0.161,0.194,0.226,0.258,0.678
5voe_A.csv,RNA3DB,36,5.017,1.0152959195597331e-08,0.775,0.957,,0.715,6.472,17.54,0.305,0.76,0.447,1.257,1.35,0.0,0.66,0.306,0.556,0.778,1.0,0.393
4rmo_P.csv,RNA3DB,45,5.768,1.2559397966072083e-11,0.74,0.913,0.0,0.773,7.795,18.98,0.297,,0.569,1.347,0.92,0.0,0.55,0.244,0.333,0.689,0.933,0.578
7vg2_C.csv,RNA3DB,35,23.273,0.9999987623101524,0.693,,,0.78,33.59,16.58,0.244,,2.311,1.49,1.544,0.0,0.436,0.257,0.4,0.486,0.6,0.751
5xus_B.csv,RNA3DB,40,22.759,0.999818067598408,0.443,0.0,0.0,0.625,51.397,18.05,0.201,,2.321,2.114,1.366,0.0,0.263,0.2,0.25,0.275,0.325,0.374
7tr8_R.csv,RNA3DB,45,40.908,1.0,0.36,,,0.413,113.619,36.77,0.101,,4.031,1.842,0.295,0.0,0.183,0.133,0.156,0.2,0.244,0.481
4wb3_D.csv,RNA3DB,40,,,0.032,0.0,0.0,0.051,,,0.099,,,,0.359,0.0,0.194,0.1,0.125,0.225,0.325,0.216
6exn_E.csv,RNA3DB,32,23.758,0.9999999840497298,0.462,,,0.538,51.459,50.38,0.171,,,,0.432,0.0,0.312,0.188,0.281,0.375,0.406,0.609
8ibw_D.csv,RNA3DB,39,11.648,0.0073247687806261,0.69,0.741,,0.684,16.873,26.22,0.264,,1.147,1.53,1.33,0.0,0.199,0.154,0.179,0.205,0.256,0.59
7uoo_6.csv,RNA3DB,58,22.22,0.7291963720992389,0.434,0.239,0.0,0.549,51.247,30.77,0.205,,2.323,2.036,1.792,0.0,0.284,0.138,0.224,0.345,0.431,0.458
7v94_B.csv,RNA3DB,83,20.779,0.0007779374512122,0.566,0.104,,0.763,36.704,17.64,0.316,,2.149,2.04,3.543,0.0,0.139,0.108,0.12,0.145,0.181,0.432
3nmu_D.csv,RNA3DB,34,13.453,0.2860954828195785,0.734,0.707,0.816,0.74,18.328,26.52,0.206,,1.476,1.331,0.485,0.0,0.346,0.235,0.324,0.382,0.441,0.553
6zdq_C.csv,RNA3DB,65,9.416,6.72795152922845e-14,0.786,0.845,0.577,0.78,11.981,22.26,0.343,,1.01,1.086,1.448,0.0,0.439,0.246,0.308,0.523,0.677,0.745
6e82_A.csv,RNA3DB,36,13.345,0.1627916988296053,0.541,0.566,0.0,0.601,24.684,34.28,0.256,0.534,1.455,2.081,0.542,0.0,0.347,0.222,0.333,0.389,0.444,0.371
8upt_A.csv,RNA3DB,71,3.764,0.0,0.777,0.854,0.671,0.76,4.842,31.87,0.597,0.812,0.36,1.049,1.329,0.0,0.69,0.282,0.578,0.915,0.986,0.673
1zho_B.csv,RNA3DB,38,4.691,4.2086067963964524e-10,0.946,1.0,0.707,0.936,4.961,14.92,0.308,,0.496,0.655,1.636,0.0,0.618,0.316,0.474,0.711,0.974,0.711
2gtt_X.csv,RNA3DB,99,40.399,0.99999999948469,0.217,0.0,0.0,0.233,185.907,26.76,0.08,,4.068,1.916,1.959,0.0,0.091,0.051,0.061,0.101,0.151,0.463
8dc2_B.csv,RNA3DB,51,19.647,0.5580745067192865,0.716,0.73,0.0,0.731,27.427,17.76,0.255,,2.058,1.205,1.607,0.0,0.328,0.137,0.235,0.353,0.588,0.682
8ff5_M.csv,RNA3DB,63,54.279,1.0,0.29,0.0,,0.401,187.373,40.18,0.098,,5.463,1.956,0.896,0.0,0.131,0.095,0.111,0.127,0.191,0.478
7u2b_C.csv,RNA3DB,53,12.288,1.1935380591521216e-05,0.661,0.706,,0.651,18.598,26.5,0.276,,,,1.054,0.0,0.358,0.245,0.321,0.396,0.472,0.536
6zj3_LK.csv,RNA3DB,61,22.055,0.5501904164754038,0.52,0.528,,0.532,42.389,28.05,0.248,,2.249,1.798,1.929,0.0,0.164,0.098,0.131,0.197,0.23,0.455
5gin_G.csv,RNA3DB,35,33.833,1.0,0.65,,,0.732,52.05,23.09,0.184,,3.427,1.629,1.044,0.0,0.25,0.171,0.257,0.286,0.286,0.623
1gtn_W.csv,RNA3DB,44,30.603,0.9999999999998332,0.428,,,0.512,71.474,45.94,0.07,,3.138,1.909,0.0,0.0,0.131,0.091,0.114,0.136,0.182,0.237
6o7e_G.csv,RNA3DB,27,33.106,1.0,0.514,,,0.612,64.347,29.22,0.143,,3.277,1.771,0.414,0.0,0.269,0.185,0.259,0.259,0.37,0.596
6bk8_i.csv,RNA3DB,59,28.363,0.9999500806924208,,,,,,33.36,0.21,,2.923,2.038,1.365,0.0,0.182,0.119,0.136,0.22,0.254,0.525
1jgq_1.csv,RNA3DB,36,17.689,0.9237564192139048,0.216,,,0.246,82.023,,,,,,0.0,0.0,1.0,1.0,1.0,1.0,1.0,
4ni7_B.csv,RNA3DB,31,,,0.254,0.0,,0.416,,,0.135,,,,0.419,0.0,0.267,0.167,0.233,0.3,0.367,0.34
8e0f_D.csv,RNA3DB,32,27.097,0.9999999999999242,0.645,,,0.747,42.043,17.83,0.203,,2.793,1.455,1.407,0.0,0.422,0.25,0.344,0.5,0.594,0.817
7jl2_X.csv,RNA3DB,44,40.396,1.0,0.598,,,0.691,67.515,9.27,0.225,,4.001,1.569,1.53,0.0,0.335,0.159,0.25,0.386,0.545,0.809
6vuh_A.csv,RNA3DB,33,1.815,3.772482326525051e-12,0.831,0.875,0.707,0.873,2.183,8.88,0.578,0.877,0.169,0.638,0.63,0.0,0.909,0.727,0.909,1.0,1.0,0.834
6zqf_D4.csv,RNA3DB,35,43.85,1.0,0.484,,,0.564,90.561,23.78,0.182,,4.433,1.623,1.05,0.0,0.329,0.171,0.314,0.343,0.486,0.674
7r6l_B.csv,RNA3DB,23,21.105,0.9999999984017534,0.369,,,0.429,57.256,33.71,0.151,,2.129,1.746,0.635,0.0,0.293,0.217,0.217,0.304,0.435,0.553
6ifr_J.csv,RNA3DB,35,39.249,1.0,0.561,,,0.669,69.988,29.4,0.113,,3.951,1.597,0.811,0.0,0.229,0.171,0.171,0.229,0.343,0.646
8ex9_B.csv,RNA3DB,102,23.244,0.0001021295642568,0.683,0.429,0.447,0.794,34.028,16.39,0.32,,,,2.642,0.0,0.101,0.069,0.088,0.108,0.137,0.482
5wlh_B.csv,RNA3DB,43,13.589,0.0219485619088349,0.639,0.539,,0.664,21.261,,0.261,,,,1.161,0.0,0.268,0.167,0.191,0.262,0.452,0.504
7dvq_G.csv,RNA3DB,63,45.657,1.0,0.396,,,0.462,115.393,27.11,0.185,,4.611,1.888,2.33,0.0,0.202,0.143,0.191,0.222,0.254,0.474
7vg2_D.csv,RNA3DB,36,27.224,0.999999999991385,0.732,,,0.853,37.168,11.6,0.254,,2.829,1.49,1.915,0.0,0.326,0.25,0.278,0.361,0.417,0.822
1s03_B.csv,RNA3DB,47,4.675,1.6653345369377348e-14,0.771,0.789,0.0,0.791,6.066,19.85,0.291,,0.465,1.126,2.011,0.0,0.558,0.277,0.362,0.617,0.979,0.654
5y7m_B.csv,RNA3DB,51,13.582,0.0006340759260432,0.744,0.889,0.224,0.753,18.255,17.91,0.285,,1.415,1.347,0.953,0.0,0.378,0.255,0.333,0.392,0.529,0.619
8d29_R.csv,RNA3DB,34,6.071,1.53497470600783e-06,0.787,0.822,,0.788,7.718,19.47,0.265,,0.682,1.016,1.062,0.0,0.581,0.353,0.529,0.647,0.794,0.733
4k27_U.csv,RNA3DB,55,2.6,0.0,0.933,0.979,0.816,0.919,2.785,10.29,0.581,,0.264,0.477,2.625,0.0,0.764,0.436,0.691,0.927,1.0,0.871
7jl2_Y.csv,RNA3DB,44,42.442,1.0,0.611,,,0.699,69.449,11.24,0.208,,4.328,1.554,1.788,0.0,0.347,0.227,0.273,0.364,0.523,0.839
8d4a_B.csv,RNA3DB,41,17.34,0.651822075905383,0.702,0.707,0.0,0.783,24.696,15.17,0.249,,1.839,1.477,1.255,0.0,0.372,0.244,0.342,0.415,0.488,0.623
7ozv_P.csv,RNA3DB,10,8.794,0.9974620083346064,0.671,,,0.802,13.11,16.58,0.154,,0.88,1.495,0.187,0.0,0.0,0.0,0.0,0.0,0.0,0.651
7wm4_A.csv,RNA3DB,81,72.124,1.0,0.599,,,0.734,120.345,23.57,0.265,0.902,7.105,1.695,3.754,0.0,0.321,0.148,0.222,0.407,0.506,0.816
7dlz_X.csv,RNA3DB,45,6.556,2.2638990682111168e-10,0.722,0.714,0.0,0.764,9.086,24.62,0.278,,0.659,1.432,1.273,0.0,0.506,0.289,0.378,0.511,0.844,0.57
7b0y_P.csv,RNA3DB,36,25.406,0.9999999946064212,0.522,,,0.602,48.694,20.52,0.19,,2.547,1.707,1.199,0.0,0.0,0.0,0.0,0.0,0.0,0.608
3ciy_C.csv,RNA3DB,46,32.631,0.9999999999999998,0.673,,,0.785,48.466,13.11,0.206,,3.362,1.562,1.39,0.0,0.234,0.152,0.217,0.261,0.304,0.693
4v83_AV.csv,RNA3DB,35,20.561,0.9993207046798752,0.783,0.778,,0.799,26.273,11.12,0.43,0.842,2.09,1.063,1.019,0.0,0.743,0.514,0.8,0.829,0.829,0.695
6szu_V.csv,RNA3DB,44,19.541,0.8716253836805808,0.408,0.0,,0.524,47.865,26.34,0.195,,1.992,1.953,0.883,0.0,0.182,0.114,0.136,0.182,0.295,0.471
8apo_A2.csv,RNA3DB,81,40.569,0.9999999999999996,0.47,0.06,,0.588,86.391,24.47,0.157,0.645,4.039,2.067,2.339,0.0,0.139,0.086,0.136,0.148,0.185,0.461
6xmf_C.csv,RNA3DB,109,24.116,5.160762436368094e-05,0.735,0.686,0.0,0.787,32.814,19.5,0.288,,2.473,1.465,3.131,0.0,0.144,0.092,0.11,0.156,0.22,0.52
8ctl_C.csv,RNA3DB,184,46.659,0.9975488117696224,0.55,0.336,0.0,0.66,84.879,23.46,0.214,,4.73,2.066,4.854,0.0,0.095,0.06,0.087,0.098,0.136,0.355
7x7r_J.csv,RNA3DB,20,15.369,0.999720332392689,0.258,,,0.289,59.523,43.44,0.152,,1.512,1.527,0.201,0.0,0.1,0.1,0.1,0.1,0.1,0.583
6ltp_B.csv,RNA3DB,42,24.208,0.999973753128498,0.452,0.68,,0.395,53.527,33.41,0.162,,2.462,1.624,1.14,0.0,0.202,0.119,0.167,0.214,0.309,0.564
7xlt_B.csv,RNA3DB,40,25.23,0.999999604672971,0.644,,,0.713,39.153,11.91,0.257,,2.455,1.472,0.84,0.0,0.456,0.2,0.375,0.6,0.65,0.696
7ozq_E.csv,RNA3DB,32,8.986,0.0037266170130745,0.765,0.853,0.408,0.772,11.739,11.65,0.353,,0.967,1.279,0.782,0.0,0.648,0.438,0.688,0.719,0.75,0.712
6lnc_M.csv,RNA3DB,60,42.007,1.0,0.4,0.5,,0.394,104.976,37.56,0.187,,4.176,1.663,0.904,0.0,0.229,0.15,0.217,0.267,0.283,0.588
5btm_B.csv,RNA3DB,43,2.687,3.3306690738754696e-16,0.928,0.935,0.816,0.934,2.895,13.58,0.478,,0.273,0.524,1.61,0.0,0.256,0.163,0.209,0.256,0.395,0.886
5hrt_B.csv,RNA3DB,34,,,0.295,0.0,0.0,0.478,,,0.17,,,,0.521,0.0,0.235,0.147,0.147,0.265,0.382,0.222
6ifu_I.csv,RNA3DB,34,38.776,1.0,0.462,,,0.546,83.885,28.39,0.144,,3.855,1.67,0.731,0.0,0.243,0.147,0.206,0.265,0.353,0.606
6ww6_D.csv,RNA3DB,17,3.752,0.0132049851374515,0.835,0.894,,0.846,4.496,12.73,0.264,,0.327,0.957,0.551,0.0,0.426,0.353,0.412,0.471,0.471,0.714
8apo_A1.csv,RNA3DB,109,34.132,0.9536518832433878,0.51,0.365,0.32,0.577,66.89,22.37,0.219,0.614,3.446,1.875,2.073,0.0,0.17,0.128,0.156,0.174,0.22,0.353
3hhn_C.csv,RNA3DB,137,3.257,0.0,0.895,0.978,0.516,0.875,3.64,12.17,0.903,,0.341,0.655,5.025,0.0,0.861,0.62,0.898,0.956,0.971,0.802
6iv8_D.csv,RNA3DB,53,16.723,0.0390961445440272,0.646,0.647,,0.648,25.897,24.74,0.321,,1.68,1.589,1.772,0.0,0.401,0.302,0.321,0.415,0.566,0.589
7sbb_X.csv,RNA3DB,33,37.628,1.0,0.589,,,0.7,63.888,40.56,0.134,,3.864,1.568,0.51,0.0,0.22,0.182,0.212,0.212,0.273,0.649
5dcv_B.csv,RNA3DB,47,6.03,4.204192549650543e-12,0.825,0.923,0.671,0.808,7.31,29.36,0.414,,0.612,0.845,0.711,0.0,0.239,0.192,0.213,0.234,0.319,0.806
6xdq_7.csv,RNA3DB,35,51.958,1.0,0.457,,,0.504,113.611,40.26,0.212,,5.147,1.66,0.945,0.0,0.164,0.086,0.143,0.171,0.257,0.604
6wc0_B.csv,RNA3DB,91,21.772,0.000281078684904,0.71,0.584,0.0,0.764,30.68,22.13,0.304,,2.26,1.43,2.517,0.0,0.324,0.143,0.264,0.396,0.494,0.605
4w29_AV.csv,RNA3DB,36,26.078,0.999999999440149,0.418,,,0.441,62.339,40.96,0.13,0.739,2.683,1.539,0.146,0.0,0.25,0.111,0.167,0.306,0.417,0.556
8a22_A6.csv,RNA3DB,109,39.13,0.9999958731893772,0.548,0.293,0.0,0.648,71.463,20.96,0.176,0.192,3.928,1.835,2.137,0.0,0.119,0.073,0.092,0.128,0.183,0.461
8sqj_P.csv,RNA3DB,32,31.599,1.0,0.584,,,0.672,54.076,17.7,0.195,,3.167,1.373,0.814,0.0,0.398,0.188,0.344,0.5,0.562,0.843
8sqj_T.csv,RNA3DB,35,33.005,1.0,0.567,,,0.672,58.245,16.18,0.236,,3.324,1.634,0.916,0.0,0.421,0.257,0.429,0.486,0.514,0.78
8bvj_B.csv,RNA3DB,55,25.577,0.9980152747512094,0.416,0.5,0.0,0.422,61.433,47.18,0.262,,2.572,1.816,0.647,0.0,0.145,0.091,0.127,0.164,0.2,0.55
8gkh_W.csv,RNA3DB,76,32.064,0.9999472032418802,0.444,0.0,,0.63,72.248,22.23,0.314,,3.281,2.104,2.896,0.0,0.178,0.105,0.171,0.197,0.237,0.392
6b3k_R.csv,RNA3DB,83,7.764,0.0,0.793,0.897,0.408,0.8,9.792,18.37,0.537,,0.753,1.432,2.927,0.0,0.527,0.301,0.47,0.554,0.783,0.628
8e6w_8.csv,RNA3DB,58,35.385,0.9999999999999988,0.144,,,0.167,245.156,58.1,0.096,,3.512,1.853,0.785,0.0,0.142,0.086,0.103,0.155,0.224,0.502
6xn4_R.csv,RNA3DB,35,35.497,1.0,0.27,,,0.34,131.292,42.78,0.132,,3.526,1.93,0.595,0.0,0.214,0.143,0.2,0.229,0.286,0.507
6o1o_N.csv,RNA3DB,30,36.914,1.0,0.45,,,0.555,82.046,37.08,0.138,,3.684,1.8,0.445,0.0,0.225,0.167,0.2,0.233,0.3,0.62
5wti_B.csv,RNA3DB,115,20.11,1.4773293699477108e-11,0.685,0.602,0.0,0.743,29.37,21.31,0.274,,2.059,1.576,3.75,0.0,0.224,0.148,0.2,0.235,0.313,0.55
3ciy_D.csv,RNA3DB,46,25.613,0.999986584842008,0.682,,,0.8,37.542,10.5,0.335,,2.6,1.515,1.872,0.0,0.44,0.261,0.435,0.522,0.543,0.85
7r21_R.csv,RNA3DB,62,52.919,1.0,0.163,,,0.189,323.805,36.56,0.1,,5.262,1.863,0.591,0.0,0.113,0.081,0.113,0.113,0.145,0.493
6e9e_B.csv,RNA3DB,51,21.298,0.8561976773341732,0.411,0.0,0.0,0.519,51.82,24.14,0.296,,2.187,1.991,0.857,0.0,0.338,0.176,0.255,0.431,0.49,0.524
8hud_B.csv,RNA3DB,72,14.698,5.483907106196285e-08,0.731,0.809,0.408,0.726,20.096,17.71,0.422,,1.434,1.177,1.986,0.0,0.493,0.25,0.444,0.556,0.722,0.739
4v8m_BH.csv,RNA3DB,135,20.101,5.551115123125783e-17,0.398,0.229,0.0,0.495,50.542,26.72,0.371,,2.08,2.193,1.632,0.0,0.144,0.074,0.118,0.156,0.23,0.344
8gxb_B.csv,RNA3DB,61,9.071,6.855072065548029e-13,0.667,0.897,0.342,0.662,13.598,20.4,0.313,,0.939,1.711,1.306,0.0,0.402,0.18,0.311,0.475,0.639,0.534
8qz8_V.csv,RNA3DB,33,16.988,0.9432403929921755,0.231,0.0,,0.31,73.501,41.54,0.2,,1.702,2.004,0.986,0.0,0.288,0.182,0.273,0.333,0.364,0.449
3id5_D.csv,RNA3DB,34,17.15,0.9317221604080724,0.475,0.507,0.0,0.54,36.094,,0.16,,,,0.477,0.0,0.371,0.273,0.364,0.394,0.455,0.348
8ad1_R.csv,RNA3DB,10,8.665,0.9968368468313512,0.612,,,0.707,14.15,32.72,0.307,,0.855,1.287,0.09,0.0,0.0,0.0,0.0,0.0,0.0,0.744
7r6k_1.csv,RNA3DB,152,31.809,0.0007781404381086,0.398,0.046,0.0,0.561,79.835,25.93,0.168,,3.259,2.271,3.558,0.0,0.076,0.059,0.072,0.072,0.099,0.316
7tqv_G.csv,RNA3DB,33,31.021,1.0,0.643,,,0.763,48.231,19.19,0.226,,3.09,1.7,1.178,0.0,0.386,0.212,0.394,0.424,0.515,0.656
7ozu_P.csv,RNA3DB,10,8.434,0.9953626232527584,0.598,,,0.714,14.112,19.77,0.215,,0.837,1.462,0.299,0.0,0.0,0.0,0.0,0.0,0.0,0.671
4qyz_L.csv,RNA3DB,55,41.295,1.0,0.524,0.4,0.0,0.589,78.754,36.14,0.159,,4.102,1.85,0.589,0.0,0.136,0.091,0.127,0.145,0.182,0.532
8a98_5.csv,RNA3DB,111,35.664,0.9906228208894914,0.479,0.248,0.0,0.608,74.446,23.35,0.363,,3.629,2.048,3.026,0.0,0.162,0.072,0.117,0.162,0.297,0.353
4pmi_A.csv,RNA3DB,40,2.612,1.1934897514720431e-14,0.925,0.968,0.577,0.93,2.824,12.64,0.428,0.91,,,1.378,0.0,0.75,0.425,0.575,1.0,1.0,0.836
4kr9_M.csv,RNA3DB,39,7.125,3.633758237642226e-07,0.738,0.917,0.0,0.695,9.653,27.04,0.348,,0.709,1.208,1.097,0.0,0.558,0.333,0.513,0.564,0.821,0.584
6joo_B.csv,RNA3DB,96,19.017,2.1154622997787698e-08,0.778,0.771,0.5,0.788,24.434,,0.319,,,,3.965,0.0,0.289,0.179,0.242,0.337,0.4,0.655
4mgn_A.csv,RNA3DB,86,7.638,0.0,0.849,0.926,0.378,0.86,8.992,9.99,0.427,0.812,0.759,1.053,2.734,0.0,0.483,0.209,0.314,0.581,0.826,0.689
6fyx_3.csv,RNA3DB,31,25.54,0.9999999999903486,0.522,,,0.577,48.906,40.36,0.091,,2.498,1.559,0.229,0.0,0.185,0.129,0.161,0.194,0.258,0.623
8g61_mR.csv,RNA3DB,10,6.668,0.9474531265766412,,,,,,11.94,0.22,,0.646,0.707,0.296,0.0,0.0,0.0,0.0,0.0,0.0,0.706
6o1o_M.csv,RNA3DB,36,37.886,1.0,0.439,,,0.488,86.271,36.32,0.151,,3.756,1.707,0.501,0.0,0.194,0.167,0.194,0.194,0.222,0.541
8bd6_B.csv,RNA3DB,233,33.646,3.674838211509268e-14,0.703,0.803,0.118,0.698,47.835,28.38,0.211,,3.429,1.61,6.805,0.0,0.059,0.039,0.051,0.064,0.082,0.46
6vbw_K.csv,RNA3DB,61,42.507,1.0,0.408,0.0,,0.53,104.28,,0.175,,,,0.759,0.0,0.125,0.083,0.117,0.133,0.167,0.454
1kuq_B.csv,RNA3DB,57,4.766,0.0,0.806,0.9,0.0,0.793,5.911,19.85,0.436,,0.461,1.169,1.664,0.0,0.588,0.246,0.456,0.719,0.93,0.686
7jrt_B.csv,RNA3DB,134,16.317,0.0,0.868,0.874,,0.869,18.798,15.07,0.323,,1.636,0.799,6.324,0.0,0.306,0.127,0.187,0.298,0.612,0.74
4v8m_BF.csv,RNA3DB,73,18.731,0.0007213012671173,0.271,0.0,0.0,0.375,69.2,40.53,0.192,,1.98,2.244,0.825,0.0,0.164,0.082,0.11,0.178,0.288,0.294
8f0n_B.csv,RNA3DB,49,13.369,0.001138319560154,0.579,0.846,0.0,0.612,23.102,30.22,0.281,,,,1.042,0.0,0.383,0.245,0.306,0.388,0.592,0.473
5t5h_F.csv,RNA3DB,46,16.856,0.2526453450010523,0.344,0.474,,0.333,49.048,40.75,0.104,,1.716,1.923,0.882,0.0,0.212,0.087,0.152,0.239,0.37,0.37
6db8_R.csv,RNA3DB,60,11.51,1.0587603238576548e-08,0.703,0.762,,0.718,16.368,18.05,0.297,,1.112,1.5,2.554,0.0,0.421,0.233,0.3,0.517,0.633,0.489
4b3q_R.csv,RNA3DB,21,19.088,0.9999999323558174,0.651,,,0.751,29.33,12.02,0.175,,1.886,1.426,0.927,0.0,0.5,0.381,0.429,0.524,0.667,0.658
7l49_E.csv,RNA3DB,135,31.021,0.0113674891648005,0.697,0.702,0.0,0.711,44.477,18.37,0.261,,3.178,1.572,4.581,0.0,0.078,0.052,0.067,0.082,0.111,0.538
7ljy_B.csv,RNA3DB,76,8.353,0.0,0.83,0.906,0.408,0.819,10.06,18.66,0.365,,,,2.835,0.0,0.418,0.21,0.276,0.474,0.711,0.685
7oop_P.csv,RNA3DB,21,15.571,0.9995459358984276,0.497,,,0.535,31.3,30.11,0.246,,1.665,1.342,0.745,0.0,0.0,0.0,0.0,0.0,0.0,0.582
7vyx_D.csv,RNA3DB,91,23.48,0.0062009179304983,0.561,0.209,0.0,0.69,41.857,30.24,0.246,,2.434,1.878,1.957,0.0,0.124,0.066,0.099,0.143,0.187,0.453
6dvk_H.csv,RNA3DB,95,3.118,0.0,0.914,0.939,0.837,0.915,3.411,,0.686,,,,3.439,0.0,0.683,0.287,0.553,0.894,1.0,0.818
4k50_B.csv,RNA3DB,33,8.646,0.0011365405759299,0.889,1.0,1.0,0.862,9.725,,0.284,,,,1.486,0.0,0.531,0.406,0.531,0.562,0.625,0.888
7kwg_A.csv,RNA3DB,32,21.305,0.9999846184774572,0.5,,,0.555,42.609,39.82,0.123,0.675,2.149,1.642,0.185,0.0,0.359,0.156,0.281,0.438,0.562,0.561
6aay_B.csv,RNA3DB,52,16.512,0.0411152243198796,0.629,0.778,0.0,0.597,26.265,24.09,0.177,,1.682,1.375,1.57,0.0,0.173,0.115,0.173,0.173,0.231,0.617
6nu2_B.csv,RNA3DB,56,14.211,0.0001781138078706,0.532,0.521,,0.576,26.715,23.45,0.248,,1.514,1.744,1.34,0.0,0.357,0.196,0.357,0.411,0.464,0.522
7jnh_B.csv,RNA3DB,86,5.491,0.0,0.814,0.939,0.5,0.768,6.746,16.27,0.478,,0.559,0.979,4.162,0.0,0.552,0.244,0.395,0.651,0.919,0.748
7tqv_H.csv,RNA3DB,33,29.436,1.0,0.727,,,0.854,40.471,8.54,0.191,,2.873,1.483,1.719,0.0,0.364,0.242,0.303,0.394,0.515,0.799
7m5o_B.csv,RNA3DB,37,15.344,0.4812524770919782,0.632,0.68,,0.629,24.267,30.17,0.338,,1.544,1.373,1.372,0.0,0.378,0.162,0.27,0.432,0.649,0.703
8hb8_A.csv,RNA3DB,55,13.771,0.000117344282798,0.482,0.358,0.0,0.6,28.563,23.67,0.261,0.539,,,1.531,0.0,0.341,0.164,0.273,0.4,0.527,0.33
8apo_A9.csv,RNA3DB,69,11.394,5.588307594450725e-12,0.662,0.685,,0.66,17.199,22.52,0.287,0.656,1.209,1.647,2.131,0.0,0.323,0.203,0.246,0.319,0.522,0.548
3egz_B.csv,RNA3DB,65,6.842,0.0,0.777,0.919,0.0,0.782,8.8,13.62,0.372,,,,2.247,0.0,0.504,0.215,0.354,0.6,0.846,0.668
4v4y_A1.csv,RNA3DB,50,34.15,1.0,0.513,,,0.572,66.543,26.97,0.205,0.691,3.407,1.902,0.864,0.0,0.17,0.1,0.12,0.2,0.26,0.444
4v4p_B1.csv,RNA3DB,66,25.54,0.9240634706638584,0.514,0.692,,0.441,49.66,26.94,0.318,,2.588,1.535,0.819,0.0,0.167,0.061,0.121,0.197,0.288,0.579
6yan_3.csv,RNA3DB,36,37.474,1.0,0.2,,,0.241,187.368,38.14,0.099,,3.716,2.003,0.212,0.0,0.181,0.111,0.139,0.222,0.25,0.515
8ccs_Dd.csv,RNA3DB,13,16.558,0.9999999993885992,0.456,,,0.571,36.324,36.61,0.151,,1.502,1.673,0.229,0.0,0.077,0.077,0.077,0.077,0.077,0.5
6sy4_C.csv,RNA3DB,37,14.667,0.336192575495275,0.652,0.889,0.0,0.669,22.49,,0.279,,,,0.698,0.0,0.201,0.111,0.167,0.222,0.306,0.514
5u30_B.csv,RNA3DB,99,26.7,0.0660866462344719,0.74,0.714,,0.766,36.075,24.77,0.21,,2.727,1.504,3.244,0.0,0.124,0.081,0.101,0.131,0.182,0.54
8ane_R.csv,RNA3DB,66,42.373,1.0,0.296,0.333,,0.288,143.114,42.68,0.121,,4.226,1.965,0.583,0.0,0.155,0.076,0.121,0.182,0.242,0.515
7kha_J.csv,RNA3DB,45,44.237,1.0,0.289,,,0.333,153.006,43.34,0.126,,4.382,1.857,0.42,0.0,0.161,0.111,0.156,0.156,0.222,0.549
6s91_V.csv,RNA3DB,48,52.293,1.0,0.58,,,0.658,90.12,29.79,0.126,,5.301,1.74,1.093,0.0,0.151,0.125,0.146,0.146,0.188,0.585
6w2s_0.csv,RNA3DB,339,47.024,1.2630343215747077e-08,0.495,0.383,0.0,0.562,95.026,35.72,0.194,,4.72,1.906,5.184,0.0,0.111,0.035,0.083,0.124,0.201,0.378
7dmq_C.csv,RNA3DB,35,23.098,0.9999980128789046,0.605,,,0.716,38.163,19.44,0.272,,2.272,1.509,1.179,0.0,0.486,0.343,0.486,0.543,0.571,0.794
6s8e_U.csv,RNA3DB,44,49.626,1.0,0.556,,,0.662,89.327,25.75,0.116,,4.942,1.72,1.866,0.0,0.171,0.136,0.159,0.182,0.204,0.672
8apo_B1.csv,RNA3DB,102,34.316,0.9925944937583412,0.436,0.192,0.0,0.514,78.675,21.32,0.176,,3.415,1.841,2.579,0.0,0.169,0.088,0.108,0.196,0.284,0.497
7dmq_B.csv,RNA3DB,53,32.077,0.9999999999934904,0.503,0.433,,0.55,63.728,21.91,0.19,,3.219,1.686,1.694,0.0,0.217,0.17,0.207,0.226,0.264,0.605
8gh6_R.csv,RNA3DB,39,15.458,0.3727824940233979,0.55,0.381,0.0,0.643,28.105,23.03,0.227,,1.623,1.77,1.355,0.0,0.179,0.154,0.179,0.179,0.205,0.52
5czz_B.csv,RNA3DB,73,14.298,8.091140701882438e-09,0.789,0.618,0.408,0.859,18.125,,0.452,,,,3.025,0.0,0.535,0.292,0.486,0.611,0.75,0.718
6wpi_B.csv,RNA3DB,40,8.653,9.696276355719569e-06,0.856,0.846,1.0,0.854,10.109,,0.59,,,,1.411,0.0,0.231,0.128,0.179,0.256,0.359,0.844
5m0h_A.csv,RNA3DB,42,1.825,0.0,0.962,0.966,0.816,0.973,1.896,18.53,0.796,0.926,0.162,0.402,1.124,0.0,0.946,0.833,0.976,0.976,1.0,0.878
6rjg_D.csv,RNA3DB,78,16.669,4.786621107810696e-07,0.685,0.446,,0.766,24.349,18.18,0.376,,1.702,1.696,2.741,0.0,0.215,0.141,0.179,0.205,0.333,0.607
8hsr_R.csv,RNA3DB,29,23.77,0.9999999995310532,0.539,,,0.588,44.115,29.84,0.22,,,,1.335,0.0,0.0,0.0,0.0,0.0,0.0,0.727
7ync_B.csv,RNA3DB,38,39.147,1.0,0.327,,0.0,0.396,119.662,36.48,0.115,,3.861,1.83,0.557,0.0,0.197,0.132,0.184,0.21,0.263,0.547
4c7o_E.csv,RNA3DB,48,5.599,2.587374758888928e-13,0.903,0.95,1.0,0.877,6.202,16.26,0.407,,0.567,0.696,1.861,0.0,0.599,0.396,0.5,0.583,0.917,0.768
8j12_C.csv,RNA3DB,155,34.729,0.038690096104733,0.591,0.524,0.0,0.64,58.806,20.91,0.251,,3.566,1.886,4.895,0.0,0.077,0.045,0.071,0.084,0.11,0.445
7dte_F.csv,RNA3DB,33,29.454,1.0,0.6,,,0.712,49.09,11.78,0.261,,2.97,1.526,1.349,0.0,0.348,0.273,0.364,0.364,0.394,0.802
7jtq_B.csv,RNA3DB,31,13.145,0.4306129568845304,0.316,0.348,,0.36,41.569,54.74,0.129,,1.365,2.103,0.35,0.0,0.347,0.161,0.258,0.419,0.548,0.323
6cf2_G.csv,RNA3DB,35,4.22,2.1145335482586347e-09,0.735,0.961,0.0,0.66,5.739,29.39,0.301,,0.418,0.976,1.631,0.0,0.664,0.314,0.6,0.743,1.0,0.702
7kvu_G.csv,RNA3DB,83,11.435,5.551115123125783e-17,0.539,0.604,0.0,0.576,21.218,18.25,0.281,,1.241,1.937,2.729,0.0,0.322,0.205,0.265,0.325,0.494,0.454
7dte_G.csv,RNA3DB,29,25.045,0.9999999999956936,0.746,,,0.854,33.562,9.3,0.26,,2.598,1.499,1.398,0.0,0.379,0.31,0.379,0.414,0.414,0.857
6xjy_B.csv,RNA3DB,58,11.333,2.694829859262171e-08,0.639,0.616,0.0,0.714,17.731,18.82,0.308,,1.196,1.819,1.906,0.0,0.358,0.207,0.31,0.379,0.534,0.508
4m4o_B.csv,RNA3DB,59,8.229,1.4988010832439613e-13,0.75,0.884,,0.732,10.972,16.39,0.45,,0.8,1.383,2.43,0.0,0.521,0.237,0.407,0.644,0.797,0.628
8t29_R.csv,RNA3DB,90,13.044,1.1102230246251563e-16,0.77,0.884,0.0,0.75,16.945,23.54,0.487,,1.368,1.27,2.609,0.0,0.492,0.178,0.344,0.7,0.744,0.533
1ykv_B.csv,RNA3DB,38,6.052,3.705414308718957e-08,0.767,0.853,,0.768,7.891,17.34,0.269,,0.65,1.045,0.966,0.0,0.526,0.289,0.421,0.5,0.895,0.625
6lsh_B.csv,RNA3DB,10,8.342,0.9946229799061936,0.589,,,0.722,14.156,30.59,0.292,,0.817,1.503,0.517,0.0,0.0,0.0,0.0,0.0,0.0,0.687
7os0_D.csv,RNA3DB,48,14.713,0.0154836036468026,0.508,0.524,0.0,0.52,28.971,,0.18,,,,1.165,0.0,0.197,0.106,0.128,0.213,0.34,0.48
8fjl_b2.csv,RNA3DB,60,49.414,1.0,,,,,,3.02,0.398,,4.9,1.637,12.869,0.0,0.442,0.333,0.433,0.483,0.517,0.956
4x4s_B.csv,RNA3DB,35,3.095,4.016770249748447e-11,0.897,1.0,1.0,0.853,3.449,12.02,0.377,,0.312,0.599,1.574,0.0,0.693,0.429,0.657,0.8,0.886,0.834
2gtt_W.csv,RNA3DB,99,39.024,0.9999999537418188,0.28,,,0.287,139.377,26.81,0.094,,3.953,1.849,1.97,0.0,0.086,0.051,0.071,0.081,0.141,0.479
6j6q_B.csv,RNA3DB,57,28.001,0.999961883798092,0.409,0.0,,0.498,68.411,36.41,0.122,,2.826,1.836,1.073,0.0,0.0,0.0,0.0,0.0,0.0,0.54
8do6_I.csv,RNA3DB,35,36.886,1.0,0.526,,,0.608,70.094,27.87,0.137,,3.65,1.733,0.535,0.0,0.25,0.171,0.2,0.229,0.4,0.481
7pmm_D.csv,RNA3DB,44,4.307,1.1601830607332886e-13,0.79,0.849,,0.763,5.453,28.3,0.331,,0.397,1.057,3.181,0.0,0.636,0.295,0.432,0.818,1.0,0.696
8ewg_B.csv,RNA3DB,56,24.983,0.9921080334859482,0.215,0.0,0.0,0.306,116.362,39.92,0.197,,2.586,2.221,1.178,0.0,0.183,0.107,0.143,0.214,0.268,0.364
6o7e_H.csv,RNA3DB,19,21.259,0.9999999999984774,0.487,,,0.548,43.683,40.14,0.161,,2.11,1.387,0.42,0.0,0.158,0.158,0.158,0.158,0.158,0.69
8any_Az.csv,RNA3DB,42,55.167,1.0,0.429,,,0.511,128.576,34.05,0.099,0.735,5.555,1.852,0.889,0.0,0.161,0.095,0.143,0.167,0.238,0.592
5fj4_D.csv,RNA3DB,35,4.839,1.594927961923176e-08,0.857,0.943,1.0,0.813,5.646,16.82,0.339,,0.477,0.973,0.829,0.0,0.643,0.343,0.457,0.829,0.943,0.771
8h7q_D.csv,RNA3DB,36,41.788,1.0,0.383,,,0.433,109.235,45.84,0.126,,4.183,1.671,0.225,0.0,0.181,0.139,0.167,0.194,0.222,0.52
6p5n_1.csv,RNA3DB,207,28.876,0.0,0.624,0.629,0.0,0.646,46.27,33.89,0.242,,2.941,1.542,3.701,0.0,0.068,0.039,0.053,0.072,0.106,0.5
6yam_3.csv,RNA3DB,45,45.823,1.0,0.277,,0.0,0.344,165.217,38.9,0.093,,4.535,1.957,0.371,0.0,0.15,0.089,0.111,0.156,0.244,0.473
1ddy_E.csv,RNA3DB,35,5.382,8.499161169295277e-08,0.642,0.572,,0.704,8.382,21.97,0.297,,0.607,1.36,0.633,0.0,0.571,0.314,0.457,0.657,0.857,0.581
6dtd_C.csv,RNA3DB,37,5.143,5.509244560553128e-09,0.796,0.964,,0.763,6.463,16.81,0.265,,0.507,1.107,1.552,0.0,0.547,0.324,0.405,0.513,0.946,0.671
4b3p_R.csv,RNA3DB,21,14.507,0.9967982250680294,0.667,,,0.777,21.753,10.19,0.187,,1.539,1.348,0.378,0.0,0.321,0.238,0.286,0.381,0.381,0.701
5t2a_F.csv,RNA3DB,71,19.638,0.0071758956872522,0.402,0.354,,0.424,48.899,31.76,0.187,,2.025,1.978,1.584,0.0,0.13,0.085,0.099,0.141,0.197,0.42
7nrd_S3.csv,RNA3DB,32,40.517,1.0,0.268,,,0.303,150.922,45.17,0.094,,3.968,1.818,0.903,0.0,0.195,0.125,0.156,0.219,0.281,0.568
6nud_H.csv,RNA3DB,40,38.666,1.0,0.34,,,0.394,113.605,29.41,0.105,,3.774,1.755,0.593,0.0,0.175,0.125,0.175,0.175,0.225,0.534
8qpp_V.csv,RNA3DB,33,45.089,1.0,0.307,,,0.386,147.076,43.14,0.109,,4.418,1.857,0.404,0.0,0.197,0.151,0.182,0.212,0.242,0.563
4oog_D.csv,RNA3DB,34,3.471,4.963841560012837e-10,0.918,1.0,,0.886,3.779,12.52,0.406,,0.308,0.778,2.422,0.0,0.765,0.441,0.735,0.882,1.0,0.838
6w5c_B.csv,RNA3DB,50,32.27,0.9999999999998596,0.508,0.0,,0.639,63.524,20.64,0.233,,3.283,1.839,1.476,0.0,0.255,0.14,0.22,0.28,0.38,0.556
4r8i_B.csv,RNA3DB,40,,,0.0,0.0,,0.0,,,0.111,,1.367,2.48,0.876,0.0,0.194,0.125,0.15,0.2,0.3,0.303
7v00_G.csv,RNA3DB,30,36.935,1.0,0.136,,,0.167,271.413,46.24,0.119,,3.654,1.976,0.349,0.0,0.25,0.233,0.233,0.233,0.3,0.54
8fn6_g.csv,RNA3DB,46,8.56,6.651543554836438e-08,,,,,,16.7,0.483,,0.922,1.665,3.991,0.0,0.554,0.261,0.37,0.739,0.848,0.633
8do6_J.csv,RNA3DB,26,28.887,1.0,0.587,,,0.65,49.2,27.01,0.122,,3.007,1.484,0.693,0.0,0.26,0.154,0.231,0.308,0.346,0.702
6rti_X.csv,RNA3DB,43,10.941,0.0002450760859689,0.66,0.769,,0.669,16.572,17.67,0.267,,1.17,1.484,1.482,0.0,0.401,0.302,0.349,0.419,0.535,0.542
7xfz_E.csv,RNA3DB,43,29.922,0.9999999999991604,0.664,0.679,,0.659,45.066,39.03,0.283,,2.97,1.34,1.191,0.0,0.401,0.256,0.395,0.419,0.535,0.657
6bk8_e.csv,RNA3DB,34,29.555,1.0,,,,,,46.81,0.15,,2.953,1.967,0.417,0.0,0.272,0.176,0.265,0.324,0.324,0.614
7cyq_I.csv,RNA3DB,25,21.173,0.9999999822502956,0.683,,,0.776,31.012,16.84,0.205,,2.099,1.654,0.577,0.0,0.43,0.32,0.36,0.48,0.56,0.659
8j1q_E.csv,RNA3DB,42,12.47,0.0066212022943634,0.13,0.0,0.0,0.2,96.187,62.44,0.2,,1.291,2.398,0.348,0.0,0.25,0.143,0.191,0.262,0.405,0.34
8ova_BE.csv,RNA3DB,188,43.661,0.8108537246494747,0.551,0.582,0.086,0.583,79.293,22.76,0.199,,4.398,1.756,5.29,0.0,0.064,0.037,0.048,0.069,0.101,0.472
7ei5_A.csv,RNA3DB,35,,,0.452,0.0,,0.636,,,0.252,0.412,,,0.952,0.0,0.343,0.171,0.257,0.4,0.543,0.445
7zoq_C.csv,RNA3DB,39,40.601,1.0,0.258,,,0.312,157.458,42.42,0.149,,3.978,1.932,0.689,0.0,0.186,0.103,0.154,0.231,0.256,0.52
1gtf_W.csv,RNA3DB,44,30.921,0.9999999999999556,0.151,,,0.182,205.106,50.23,0.086,,3.098,2.07,0.0,0.0,0.114,0.091,0.091,0.091,0.182,0.399
7ynb_C.csv,RNA3DB,28,30.985,1.0,0.494,,,0.592,62.67,30.37,0.116,,3.089,1.588,0.334,0.0,0.259,0.179,0.25,0.25,0.357,0.676
5dea_A.csv,RNA3DB,35,6.417,1.6262789798715538e-06,0.488,0.598,0.0,0.624,13.155,27.24,0.29,0.581,0.634,2.017,0.692,0.0,0.557,0.314,0.371,0.629,0.914,0.369
7vti_B.csv,RNA3DB,40,10.497,0.0005824136321568,0.692,0.721,0.0,0.718,15.163,20.16,0.209,,1.004,1.424,1.323,0.0,0.306,0.175,0.2,0.325,0.525,0.563
7cyq_J.csv,RNA3DB,27,17.649,0.9991188347951816,0.72,,,0.826,24.506,13.72,0.294,,1.777,1.445,1.387,0.0,0.13,0.074,0.148,0.148,0.148,0.782
7jrs_B.csv,RNA3DB,129,19.618,2.220446049250313e-16,0.862,0.835,0.791,0.878,22.767,9.86,0.34,,2.04,0.922,5.768,0.0,0.273,0.147,0.225,0.326,0.395,0.786
7qi4_Ay.csv,RNA3DB,52,8.96,1.485732536998796e-09,0.811,0.939,,0.8,11.046,19.54,0.455,0.728,0.881,1.344,1.699,0.0,0.558,0.346,0.5,0.596,0.788,0.591
7d8o_L.csv,RNA3DB,37,14.568,0.3162696216497472,0.388,0.365,0.0,0.436,37.546,,0.313,,,,0.785,0.0,0.389,0.306,0.333,0.444,0.472,0.376
6d3p_A.csv,RNA3DB,45,13.829,0.0140998573688261,0.729,0.832,0.5,0.725,18.967,17.55,0.325,0.752,1.413,1.372,1.448,0.0,0.517,0.267,0.444,0.644,0.711,0.653
6ff7_Z.csv,RNA3DB,48,35.989,1.0,0.348,,,0.412,103.433,30.75,0.168,,3.666,1.772,0.643,0.0,0.0,0.0,0.0,0.0,0.0,0.546
5xwy_B.csv,RNA3DB,51,20.174,0.6697928231941227,0.494,0.426,,0.527,40.836,32.58,0.204,,2.053,1.8,1.122,0.0,0.26,0.176,0.216,0.275,0.372,0.474
6d6r_O.csv,RNA3DB,48,,,0.41,,,0.435,,,0.196,,,,0.474,0.0,0.229,0.125,0.229,0.271,0.292,0.479
8d1v_J.csv,RNA3DB,34,34.255,1.0,0.225,,0.0,0.275,151.961,43.69,0.157,,3.358,1.938,0.38,0.0,0.243,0.176,0.206,0.265,0.324,0.493
7oaw_B.csv,RNA3DB,51,11.309,3.6278902982855854e-06,0.641,0.751,0.213,0.675,17.644,15.96,0.335,,,,1.541,0.0,0.23,0.157,0.157,0.216,0.392,0.505
1f1t_A.csv,RNA3DB,38,7.002,6.082601244905561e-07,0.764,0.964,0.447,0.716,9.164,22.61,0.286,0.746,0.705,1.32,1.239,0.0,0.493,0.263,0.395,0.553,0.763,0.579
6c63_B.csv,RNA3DB,36,8.107,4.955850961757546e-05,0.677,1.0,0.267,0.757,11.977,31.27,0.287,,0.803,1.612,0.771,0.0,0.472,0.278,0.417,0.5,0.694,0.485
5kk5_B.csv,RNA3DB,40,25.075,0.9999993877454212,0.54,0.0,0.0,0.712,46.42,,0.222,,,,1.396,0.0,0.308,0.179,0.256,0.333,0.462,0.461
8azw_a.csv,RNA3DB_LONG,3096,23.712,0.0,0.855,0.958,0.806,0.822,27.738,10.96,0.909,0.349,2.382,0.79,69.381,0.0,0.297,0.213,0.286,0.332,0.355,0.872
8g31_v.csv,RNA3DB_LONG,1539,2.957,0.0,0.877,0.935,0.676,0.883,3.37,13.85,0.987,0.897,0.298,0.727,35.033,0.0,0.829,0.587,0.784,0.951,0.995,0.894
7uoo_1.csv,RNA3DB_LONG,2991,10.508,0.0,0.855,0.925,0.769,0.839,12.289,11.76,0.94,0.151,1.06,0.85,68.174,0.0,0.123,0.087,0.122,0.14,0.145,0.862
7uvy_a.csv,RNA3DB_LONG,2724,,,0.203,0.0,0.0,0.317,,,0.13,0.018,,,34.848,0.0,0.007,0.003,0.004,0.006,0.014,0.052
8e46_i.csv,RNA3DB_LONG,2897,3.15,0.0,0.925,0.957,0.807,0.932,3.404,6.99,0.99,0.292,0.311,0.533,54.677,0.0,0.255,0.132,0.277,0.302,0.309,0.93
8cec_a.csv,RNA3DB_LONG,1333,6.181,0.0,0.858,0.946,0.672,0.854,7.204,16.74,0.916,0.029,0.621,0.787,22.707,0.0,0.012,0.005,0.007,0.012,0.022,0.846
8eyt_a.csv,RNA3DB_LONG,1415,5.904,0.0,0.897,0.957,0.747,0.896,6.582,11.08,0.924,0.927,0.591,0.605,31.662,0.0,0.52,0.119,0.444,0.667,0.849,0.901
8c83_2.csv,RNA3DB_LONG,1177,2.834,0.0,0.894,0.956,0.745,0.887,3.169,14.89,0.98,0.103,0.283,0.717,24.317,0.0,0.107,0.095,0.108,0.111,0.116,0.877
8qsj_a.csv,RNA3DB_LONG,1418,22.243,0.0,0.83,0.9,0.687,0.821,26.796,11.92,0.968,0.101,2.242,0.788,29.177,0.0,0.086,0.061,0.084,0.092,0.107,0.855
8auv_h.csv,RNA3DB_LONG,1622,3.263,0.0,0.865,0.965,0.813,0.833,3.773,10.53,0.98,0.124,0.323,0.731,34.541,0.0,0.112,0.075,0.113,0.126,0.134,0.902
8r6f_a.csv,RNA3DB_LONG,1175,5.515,0.0,0.874,0.946,0.784,0.857,6.311,11.46,0.974,0.064,0.553,0.727,26.01,0.0,0.064,0.055,0.061,0.064,0.074,0.903
8qpp_x.csv,RNA3DB_LONG,2887,2.017,0.0,0.87,0.951,0.725,0.861,2.317,15.75,0.996,0.031,0.202,0.75,63.009,0.0,0.035,0.003,0.007,0.022,0.109,0.896
8fmw_a.csv,RNA3DB_LONG,1529,3.014,0.0,0.9,0.956,0.684,0.906,3.35,10.15,0.986,0.912,0.294,0.643,32.049,0.0,0.74,0.339,0.685,0.941,0.994,0.896
7y7g_a.csv,RNA3DB_LONG,1520,1.531,0.0,0.934,0.989,0.845,0.926,1.64,7.53,0.995,0.13,0.151,0.401,36.188,0.0,0.125,0.095,0.129,0.134,0.143,0.97
8eyq_a.csv,RNA3DB_LONG,1525,7.805,0.0,0.846,0.937,0.606,0.843,9.228,11.84,0.897,0.847,0.791,0.753,32.049,0.0,0.461,0.13,0.415,0.588,0.713,0.87
8c3a_1.csv,RNA3DB_LONG,3217,5.642,0.0,0.894,0.957,0.777,0.884,6.312,9.65,0.98,0.141,0.562,0.59,69.655,0.0,0.12,0.09,0.118,0.133,0.141,0.916
8q5i_1.csv,RNA3DB_LONG,3073,2.066,0.0,0.913,0.973,0.836,0.9,2.263,8.75,0.996,0.147,0.204,0.491,68.469,0.0,0.121,0.082,0.118,0.138,0.144,0.936
7uvz_a.csv,RNA3DB_LONG,2730,1.758,0.0,0.926,0.986,0.857,0.913,1.899,7.91,0.997,0.029,0.174,0.476,62.432,0.0,0.008,0.003,0.005,0.008,0.018,0.95
8om4_r.csv,RNA3DB_LONG,1487,19.735,0.0,0.838,0.864,0.656,0.846,23.549,12.85,0.743,0.047,2.002,1.05,34.583,0.0,0.01,0.005,0.007,0.01,0.018,0.786
8c3a_b.csv,RNA3DB_LONG,1761,4.639,0.0,0.862,0.938,0.735,0.849,5.382,13.9,0.964,0.343,0.46,0.777,34.408,0.0,0.328,0.261,0.323,0.352,0.375,0.897
8bh6_a.csv,RNA3DB_LONG,1547,3.053,0.0,0.845,0.925,0.623,0.844,3.613,12.5,0.981,0.88,0.303,0.813,33.217,0.0,0.706,0.331,0.638,0.864,0.99,0.859
8am9_b.csv,RNA3DB_LONG,1519,1.307,0.0,0.931,0.967,0.813,0.935,1.404,10.92,0.997,0.032,0.131,0.474,30.348,0.0,0.043,0.005,0.009,0.023,0.134,0.943
8t4s_2.csv,RNA3DB_LONG,1671,4.092,0.0,0.885,0.939,0.796,0.876,4.626,13.41,0.968,0.081,0.41,0.658,34.455,0.0,0.077,0.074,0.076,0.078,0.08,0.93
7uw1_a.csv,RNA3DB_LONG,2726,1.802,0.0,0.922,0.988,0.837,0.911,1.954,7.9,0.996,0.026,0.179,0.486,61.501,0.0,0.01,0.004,0.006,0.01,0.019,0.949
8g34_b.csv,RNA3DB_LONG,2903,3.27,0.0,0.881,0.954,0.771,0.872,3.71,14.01,0.989,0.894,0.323,0.78,59.368,0.0,0.897,0.775,0.902,0.941,0.969,0.903
8q5i_a.csv,RNA3DB_LONG,1558,4.775,0.0,0.888,0.964,0.76,0.876,5.38,11.97,0.966,0.082,0.475,0.663,31.341,0.0,0.082,0.076,0.081,0.083,0.086,0.925
8pk0_a.csv,RNA3DB_LONG,1423,6.609,0.0,0.857,0.894,0.75,0.856,7.712,12.37,0.95,0.276,0.669,0.8,27.841,0.0,0.286,0.231,0.295,0.304,0.312,0.861
8fr8_a.csv,RNA3DB_LONG,1511,1.835,0.0,0.913,0.984,0.794,0.904,2.01,11.2,0.994,0.924,0.176,0.535,34.929,0.0,0.814,0.419,0.854,0.983,1.0,0.922
8bn3_1.csv,RNA3DB_LONG,3143,2.354,0.0,0.936,0.969,0.845,0.936,2.515,10.41,0.994,0.146,0.234,0.483,66.032,0.0,0.132,0.1,0.134,0.138,0.156,0.939
8cgu_a.csv,RNA3DB_LONG,1047,1.117,0.0,0.944,0.978,0.791,0.955,1.183,7.12,0.996,0.071,0.111,0.392,25.025,0.0,0.075,0.069,0.073,0.075,0.084,0.968
8e49_i.csv,RNA3DB_LONG,2898,3.656,0.0,0.938,0.965,0.859,0.942,3.895,6.4,0.984,0.29,0.363,0.506,56.805,0.0,0.292,0.262,0.294,0.303,0.309,0.953
8c8x_a.csv,RNA3DB_LONG,2705,3.15,0.0,0.83,0.923,0.619,0.823,3.797,12.27,0.989,0.34,0.314,0.802,50.624,0.0,0.331,0.224,0.344,0.375,0.383,0.814
8b5l_5.csv,RNA3DB_LONG,3619,6.718,0.0,0.897,0.961,0.798,0.883,7.486,10.69,0.969,0.144,7.724,0.6,90.229,0.0,0.118,0.088,0.119,0.131,0.134,0.917
8cai_a.csv,RNA3DB_LONG,1114,6.104,0.0,0.94,0.968,0.834,0.946,6.495,8.36,0.976,0.02,0.614,0.491,26.085,0.0,0.028,0.007,0.012,0.024,0.07,0.951
8cwo_a.csv,RNA3DB_LONG,1034,1.775,0.0,0.93,0.964,0.8,0.935,1.909,8.21,0.993,0.029,0.161,0.558,21.462,0.0,0.018,0.007,0.011,0.018,0.038,0.935
8c8z_a.csv,RNA3DB_LONG,2205,5.329,0.0,0.856,0.938,0.68,0.85,6.223,10.96,0.964,0.287,0.536,0.752,44.193,0.0,0.274,0.19,0.284,0.309,0.312,0.847
8crx_a.csv,RNA3DB_LONG,1505,1.822,0.0,0.929,0.964,0.811,0.934,1.96,8.41,0.994,0.035,0.171,0.538,30.018,0.0,0.015,0.005,0.007,0.013,0.033,0.942
8phj_a.csv,RNA3DB_LONG,1503,1.617,0.0,0.947,0.984,0.856,0.947,1.707,7.3,0.994,0.032,0.163,0.374,32.965,0.0,0.023,0.005,0.009,0.019,0.059,0.954
8cgj_a.csv,RNA3DB_LONG,1130,3.749,0.0,0.937,0.97,0.797,0.945,4.003,7.82,0.977,0.026,0.398,0.476,26.631,0.0,0.059,0.007,0.013,0.036,0.178,0.94
8fn2_a.csv,RNA3DB_LONG,2762,2.389,0.0,0.878,0.91,0.67,0.895,2.721,11.08,0.994,0.58,0.233,0.738,51.383,0.0,0.544,0.323,0.533,0.641,0.68,0.851
8c90_a.csv,RNA3DB_LONG,2100,4.232,0.0,0.845,0.911,0.676,0.844,5.009,11.34,0.977,0.297,0.42,0.774,41.191,0.0,0.259,0.176,0.241,0.3,0.319,0.838
7z3n_1.csv,RNA3DB_LONG,3191,5.011,0.0,0.865,0.94,0.724,0.853,5.79,10.96,0.974,0.028,0.503,0.658,69.538,0.0,0.034,0.003,0.005,0.021,0.106,0.855
8fli_a.csv,RNA3DB_LONG,828,40.794,0.0,0.682,0.759,0.173,0.676,59.793,26.37,0.383,0.038,4.108,1.397,19.308,0.0,0.023,0.01,0.017,0.023,0.043,0.519
8qpp_a.csv,RNA3DB_LONG,1533,2.487,0.0,0.853,0.947,0.61,0.848,2.914,16.39,0.987,0.893,0.249,0.791,35.867,0.0,0.743,0.366,0.688,0.923,0.995,0.882
8c92_a.csv,RNA3DB_LONG,1873,8.509,0.0,0.82,0.899,0.603,0.821,10.379,11.82,0.945,0.323,0.856,0.917,35.408,0.0,0.266,0.156,0.244,0.311,0.352,0.779
8ppk_2.csv,RNA3DB_LONG,1768,4.597,0.0,0.883,0.944,0.787,0.872,5.205,8.97,0.966,0.079,0.464,0.739,33.395,0.0,0.073,0.068,0.072,0.073,0.078,0.91
7qi5_a.csv,RNA3DB_LONG,1558,4.473,0.0,0.927,0.967,0.792,0.931,4.827,8.44,0.985,0.395,0.445,0.523,27.499,0.0,0.419,0.365,0.42,0.434,0.458,0.943
7z3n_2.csv,RNA3DB_LONG,1772,4.72,0.0,0.827,0.898,0.574,0.828,5.707,12.79,0.962,0.335,0.47,0.74,35.252,0.0,0.24,0.062,0.207,0.333,0.357,0.826
7xam_a.csv,RNA3DB_LONG,3062,14.013,0.0,0.876,0.948,0.77,0.864,16.0,12.77,0.952,0.037,1.406,0.71,66.98,0.0,0.144,0.003,0.015,0.069,0.488,0.892
8cep_a.csv,RNA3DB_LONG,1046,1.286,0.0,0.945,0.981,0.807,0.953,1.361,7.09,0.995,0.069,0.128,0.407,24.998,0.0,0.076,0.071,0.074,0.075,0.084,0.963
8fto_a.csv,RNA3DB_LONG,2767,1.056,0.0,0.943,0.99,0.898,0.933,1.12,7.25,0.999,0.351,0.103,0.368,59.92,0.0,0.366,0.34,0.369,0.376,0.381,0.974
8buu_a.csv,RNA3DB_LONG,1538,1.652,0.0,0.927,0.977,0.822,0.923,1.784,8.97,0.994,0.03,0.165,0.463,35.227,0.0,0.02,0.005,0.007,0.021,0.048,0.94
8e3m_i.csv,RNA3DB_LONG,2898,2.993,0.0,0.938,0.965,0.867,0.939,3.191,6.48,0.992,0.289,0.296,0.501,56.868,0.0,0.296,0.277,0.295,0.304,0.31,0.959
7uvw_a.csv,RNA3DB_LONG,2719,1.92,0.0,0.93,0.984,0.837,0.923,2.065,8.35,0.996,0.026,0.19,0.476,62.656,0.0,0.008,0.003,0.004,0.007,0.019,0.942
8bf9_5.csv,RNA3DB_LONG,1766,17.921,0.0,0.807,0.838,0.68,0.812,22.21,12.29,0.898,0.008,1.793,1.093,39.365,0.0,0.008,0.006,0.007,0.007,0.012,0.784
8c94_a.csv,RNA3DB_LONG,1668,9.535,0.0,0.817,0.897,0.587,0.819,11.667,12.09,0.947,0.355,0.961,0.893,32.031,0.0,0.303,0.145,0.283,0.38,0.405,0.789
8cgr_a.csv,RNA3DB_LONG,1060,1.496,0.0,0.943,0.974,0.833,0.949,1.586,7.14,0.993,0.173,0.154,0.419,25.979,0.0,0.182,0.162,0.179,0.188,0.199,0.961
8c8y_a.csv,RNA3DB_LONG,2548,5.135,0.0,0.875,0.954,0.741,0.865,5.868,10.92,0.966,0.088,0.515,0.692,52.045,0.0,0.075,0.064,0.075,0.076,0.084,0.867
